2025-01-20 02:45:08 [main] INFO  r.f.walletmate.WalletmateApplication - Starting WalletmateApplication using Java 17.0.12 with PID 23056 (D:\Kab\COA\walletmate\target\classes started by Admin in D:\Kab\COA\walletmate)
2025-01-20 02:45:08 [main] INFO  r.f.walletmate.WalletmateApplication - No active profile set, falling back to 1 default profile: "default"
2025-01-20 02:45:10 [main] INFO  o.s.d.r.c.RepositoryConfigurationDelegate - Bootstrapping Spring Data JPA repositories in DEFAULT mode.
2025-01-20 02:45:10 [main] INFO  o.s.d.r.c.RepositoryConfigurationDelegate - Finished Spring Data repository scanning in 175 ms. Found 8 JPA repository interfaces.
2025-01-20 02:45:12 [main] INFO  o.s.b.w.e.tomcat.TomcatWebServer - Tomcat initialized with port 8081 (http)
2025-01-20 02:45:12 [main] INFO  o.a.catalina.core.StandardService - Starting service [Tomcat]
2025-01-20 02:45:12 [main] INFO  o.a.catalina.core.StandardEngine - Starting Servlet engine: [Apache Tomcat/10.1.34]
2025-01-20 02:45:12 [main] INFO  o.a.c.c.C.[Tomcat].[localhost].[/] - Initializing Spring embedded WebApplicationContext
2025-01-20 02:45:12 [main] INFO  o.s.b.w.s.c.ServletWebServerApplicationContext - Root WebApplicationContext: initialization completed in 4154 ms
2025-01-20 02:45:13 [main] INFO  com.zaxxer.hikari.HikariDataSource - HikariPool-1 - Starting...
2025-01-20 02:45:15 [main] ERROR o.s.b.w.e.tomcat.TomcatStarter - Error starting Tomcat context. Exception: org.springframework.beans.factory.UnsatisfiedDependencyException. Message: Error creating bean with name 'webSecurityConfig' defined in file [D:\Kab\COA\walletmate\target\classes\rw\financial\walletmate\security\WebSecurityConfig.class]: Unsatisfied dependency expressed through constructor parameter 0: Error creating bean with name 'userDetailService' defined in file [D:\Kab\COA\walletmate\target\classes\rw\financial\walletmate\security\user\UserDetailService.class]: Unsatisfied dependency expressed through constructor parameter 0: Error creating bean with name 'userRepository' defined in rw.financial.walletmate.repository.UserRepository defined in @EnableJpaRepositories declared on WalletmateApplication: Cannot resolve reference to bean 'jpaSharedEM_entityManagerFactory' while setting bean property 'entityManager'
2025-01-20 02:45:16 [main] INFO  o.a.catalina.core.StandardService - Stopping service [Tomcat]
2025-01-20 02:45:16 [main] WARN  o.s.b.w.s.c.AnnotationConfigServletWebServerApplicationContext - Exception encountered during context initialization - cancelling refresh attempt: org.springframework.context.ApplicationContextException: Unable to start web server
2025-01-20 02:45:16 [main] INFO  o.s.b.a.l.ConditionEvaluationReportLogger - 

Error starting ApplicationContext. To display the condition evaluation report re-run your application with 'debug' enabled.
2025-01-20 02:45:16 [main] ERROR o.s.boot.SpringApplication - Application run failed
org.springframework.context.ApplicationContextException: Unable to start web server
	at org.springframework.boot.web.servlet.context.ServletWebServerApplicationContext.onRefresh(ServletWebServerApplicationContext.java:165)
	at org.springframework.context.support.AbstractApplicationContext.refresh(AbstractApplicationContext.java:621)
	at org.springframework.boot.web.servlet.context.ServletWebServerApplicationContext.refresh(ServletWebServerApplicationContext.java:146)
	at org.springframework.boot.SpringApplication.refresh(SpringApplication.java:752)
	at org.springframework.boot.SpringApplication.refreshContext(SpringApplication.java:439)
	at org.springframework.boot.SpringApplication.run(SpringApplication.java:318)
	at org.springframework.boot.SpringApplication.run(SpringApplication.java:1361)
	at org.springframework.boot.SpringApplication.run(SpringApplication.java:1350)
	at rw.financial.walletmate.WalletmateApplication.main(WalletmateApplication.java:23)
Caused by: org.springframework.boot.web.server.WebServerException: Unable to start embedded Tomcat
	at org.springframework.boot.web.embedded.tomcat.TomcatWebServer.initialize(TomcatWebServer.java:147)
	at org.springframework.boot.web.embedded.tomcat.TomcatWebServer.<init>(TomcatWebServer.java:107)
	at org.springframework.boot.web.embedded.tomcat.TomcatServletWebServerFactory.getTomcatWebServer(TomcatServletWebServerFactory.java:516)
	at org.springframework.boot.web.embedded.tomcat.TomcatServletWebServerFactory.getWebServer(TomcatServletWebServerFactory.java:222)
	at org.springframework.boot.web.servlet.context.ServletWebServerApplicationContext.createWebServer(ServletWebServerApplicationContext.java:188)
	at org.springframework.boot.web.servlet.context.ServletWebServerApplicationContext.onRefresh(ServletWebServerApplicationContext.java:162)
	... 8 common frames omitted
Caused by: org.springframework.beans.factory.UnsatisfiedDependencyException: Error creating bean with name 'webSecurityConfig' defined in file [D:\Kab\COA\walletmate\target\classes\rw\financial\walletmate\security\WebSecurityConfig.class]: Unsatisfied dependency expressed through constructor parameter 0: Error creating bean with name 'userDetailService' defined in file [D:\Kab\COA\walletmate\target\classes\rw\financial\walletmate\security\user\UserDetailService.class]: Unsatisfied dependency expressed through constructor parameter 0: Error creating bean with name 'userRepository' defined in rw.financial.walletmate.repository.UserRepository defined in @EnableJpaRepositories declared on WalletmateApplication: Cannot resolve reference to bean 'jpaSharedEM_entityManagerFactory' while setting bean property 'entityManager'
	at org.springframework.beans.factory.support.ConstructorResolver.createArgumentArray(ConstructorResolver.java:804)
	at org.springframework.beans.factory.support.ConstructorResolver.autowireConstructor(ConstructorResolver.java:240)
	at org.springframework.beans.factory.support.AbstractAutowireCapableBeanFactory.autowireConstructor(AbstractAutowireCapableBeanFactory.java:1377)
	at org.springframework.beans.factory.support.AbstractAutowireCapableBeanFactory.createBeanInstance(AbstractAutowireCapableBeanFactory.java:1214)
	at org.springframework.beans.factory.support.AbstractAutowireCapableBeanFactory.doCreateBean(AbstractAutowireCapableBeanFactory.java:563)
	at org.springframework.beans.factory.support.AbstractAutowireCapableBeanFactory.createBean(AbstractAutowireCapableBeanFactory.java:523)
	at org.springframework.beans.factory.support.AbstractBeanFactory.lambda$doGetBean$0(AbstractBeanFactory.java:336)
	at org.springframework.beans.factory.support.DefaultSingletonBeanRegistry.getSingleton(DefaultSingletonBeanRegistry.java:289)
	at org.springframework.beans.factory.support.AbstractBeanFactory.doGetBean(AbstractBeanFactory.java:334)
	at org.springframework.beans.factory.support.AbstractBeanFactory.getBean(AbstractBeanFactory.java:199)
	at org.springframework.beans.factory.support.ConstructorResolver.instantiateUsingFactoryMethod(ConstructorResolver.java:413)
	at org.springframework.beans.factory.support.AbstractAutowireCapableBeanFactory.instantiateUsingFactoryMethod(AbstractAutowireCapableBeanFactory.java:1357)
	at org.springframework.beans.factory.support.AbstractAutowireCapableBeanFactory.createBeanInstance(AbstractAutowireCapableBeanFactory.java:1187)
	at org.springframework.beans.factory.support.AbstractAutowireCapableBeanFactory.doCreateBean(AbstractAutowireCapableBeanFactory.java:563)
	at org.springframework.beans.factory.support.AbstractAutowireCapableBeanFactory.createBean(AbstractAutowireCapableBeanFactory.java:523)
	at org.springframework.beans.factory.support.AbstractBeanFactory.lambda$doGetBean$0(AbstractBeanFactory.java:336)
	at org.springframework.beans.factory.support.DefaultSingletonBeanRegistry.getSingleton(DefaultSingletonBeanRegistry.java:289)
	at org.springframework.beans.factory.support.AbstractBeanFactory.doGetBean(AbstractBeanFactory.java:334)
	at org.springframework.beans.factory.support.AbstractBeanFactory.getBean(AbstractBeanFactory.java:204)
	at org.springframework.boot.web.servlet.ServletContextInitializerBeans.getOrderedBeansOfType(ServletContextInitializerBeans.java:211)
	at org.springframework.boot.web.servlet.ServletContextInitializerBeans.addAsRegistrationBean(ServletContextInitializerBeans.java:174)
	at org.springframework.boot.web.servlet.ServletContextInitializerBeans.addAsRegistrationBean(ServletContextInitializerBeans.java:169)
	at org.springframework.boot.web.servlet.ServletContextInitializerBeans.addAdaptableBeans(ServletContextInitializerBeans.java:154)
	at org.springframework.boot.web.servlet.ServletContextInitializerBeans.<init>(ServletContextInitializerBeans.java:87)
	at org.springframework.boot.web.servlet.context.ServletWebServerApplicationContext.getServletContextInitializerBeans(ServletWebServerApplicationContext.java:266)
	at org.springframework.boot.web.servlet.context.ServletWebServerApplicationContext.selfInitialize(ServletWebServerApplicationContext.java:240)
	at org.springframework.boot.web.embedded.tomcat.TomcatStarter.onStartup(TomcatStarter.java:52)
	at org.apache.catalina.core.StandardContext.startInternal(StandardContext.java:4426)
	at org.apache.catalina.util.LifecycleBase.start(LifecycleBase.java:164)
	at org.apache.catalina.core.ContainerBase$StartChild.call(ContainerBase.java:1203)
	at org.apache.catalina.core.ContainerBase$StartChild.call(ContainerBase.java:1193)
	at java.base/java.util.concurrent.FutureTask.run(FutureTask.java:264)
	at org.apache.tomcat.util.threads.InlineExecutorService.execute(InlineExecutorService.java:75)
	at java.base/java.util.concurrent.AbstractExecutorService.submit(AbstractExecutorService.java:145)
	at org.apache.catalina.core.ContainerBase.startInternal(ContainerBase.java:749)
	at org.apache.catalina.core.StandardHost.startInternal(StandardHost.java:772)
	at org.apache.catalina.util.LifecycleBase.start(LifecycleBase.java:164)
	at org.apache.catalina.core.ContainerBase$StartChild.call(ContainerBase.java:1203)
	at org.apache.catalina.core.ContainerBase$StartChild.call(ContainerBase.java:1193)
	at java.base/java.util.concurrent.FutureTask.run(FutureTask.java:264)
	at org.apache.tomcat.util.threads.InlineExecutorService.execute(InlineExecutorService.java:75)
	at java.base/java.util.concurrent.AbstractExecutorService.submit(AbstractExecutorService.java:145)
	at org.apache.catalina.core.ContainerBase.startInternal(ContainerBase.java:749)
	at org.apache.catalina.core.StandardEngine.startInternal(StandardEngine.java:203)
	at org.apache.catalina.util.LifecycleBase.start(LifecycleBase.java:164)
	at org.apache.catalina.core.StandardService.startInternal(StandardService.java:415)
	at org.apache.catalina.util.LifecycleBase.start(LifecycleBase.java:164)
	at org.apache.catalina.core.StandardServer.startInternal(StandardServer.java:870)
	at org.apache.catalina.util.LifecycleBase.start(LifecycleBase.java:164)
	at org.apache.catalina.startup.Tomcat.start(Tomcat.java:437)
	at org.springframework.boot.web.embedded.tomcat.TomcatWebServer.initialize(TomcatWebServer.java:128)
	... 13 common frames omitted
Caused by: org.springframework.beans.factory.UnsatisfiedDependencyException: Error creating bean with name 'userDetailService' defined in file [D:\Kab\COA\walletmate\target\classes\rw\financial\walletmate\security\user\UserDetailService.class]: Unsatisfied dependency expressed through constructor parameter 0: Error creating bean with name 'userRepository' defined in rw.financial.walletmate.repository.UserRepository defined in @EnableJpaRepositories declared on WalletmateApplication: Cannot resolve reference to bean 'jpaSharedEM_entityManagerFactory' while setting bean property 'entityManager'
	at org.springframework.beans.factory.support.ConstructorResolver.createArgumentArray(ConstructorResolver.java:804)
	at org.springframework.beans.factory.support.ConstructorResolver.autowireConstructor(ConstructorResolver.java:240)
	at org.springframework.beans.factory.support.AbstractAutowireCapableBeanFactory.autowireConstructor(AbstractAutowireCapableBeanFactory.java:1377)
	at org.springframework.beans.factory.support.AbstractAutowireCapableBeanFactory.createBeanInstance(AbstractAutowireCapableBeanFactory.java:1214)
	at org.springframework.beans.factory.support.AbstractAutowireCapableBeanFactory.doCreateBean(AbstractAutowireCapableBeanFactory.java:563)
	at org.springframework.beans.factory.support.AbstractAutowireCapableBeanFactory.createBean(AbstractAutowireCapableBeanFactory.java:523)
	at org.springframework.beans.factory.support.AbstractBeanFactory.lambda$doGetBean$0(AbstractBeanFactory.java:336)
	at org.springframework.beans.factory.support.DefaultSingletonBeanRegistry.getSingleton(DefaultSingletonBeanRegistry.java:289)
	at org.springframework.beans.factory.support.AbstractBeanFactory.doGetBean(AbstractBeanFactory.java:334)
	at org.springframework.beans.factory.support.AbstractBeanFactory.getBean(AbstractBeanFactory.java:199)
	at org.springframework.beans.factory.config.DependencyDescriptor.resolveCandidate(DependencyDescriptor.java:254)
	at org.springframework.beans.factory.support.DefaultListableBeanFactory.doResolveDependency(DefaultListableBeanFactory.java:1631)
	at org.springframework.beans.factory.support.DefaultListableBeanFactory.resolveDependency(DefaultListableBeanFactory.java:1519)
	at org.springframework.beans.factory.support.ConstructorResolver.resolveAutowiredArgument(ConstructorResolver.java:913)
	at org.springframework.beans.factory.support.ConstructorResolver.createArgumentArray(ConstructorResolver.java:791)
	... 63 common frames omitted
Caused by: org.springframework.beans.factory.BeanCreationException: Error creating bean with name 'userRepository' defined in rw.financial.walletmate.repository.UserRepository defined in @EnableJpaRepositories declared on WalletmateApplication: Cannot resolve reference to bean 'jpaSharedEM_entityManagerFactory' while setting bean property 'entityManager'
	at org.springframework.beans.factory.support.BeanDefinitionValueResolver.resolveReference(BeanDefinitionValueResolver.java:377)
	at org.springframework.beans.factory.support.BeanDefinitionValueResolver.resolveValueIfNecessary(BeanDefinitionValueResolver.java:135)
	at org.springframework.beans.factory.support.AbstractAutowireCapableBeanFactory.applyPropertyValues(AbstractAutowireCapableBeanFactory.java:1707)
	at org.springframework.beans.factory.support.AbstractAutowireCapableBeanFactory.populateBean(AbstractAutowireCapableBeanFactory.java:1456)
	at org.springframework.beans.factory.support.AbstractAutowireCapableBeanFactory.doCreateBean(AbstractAutowireCapableBeanFactory.java:600)
	at org.springframework.beans.factory.support.AbstractAutowireCapableBeanFactory.createBean(AbstractAutowireCapableBeanFactory.java:523)
	at org.springframework.beans.factory.support.AbstractBeanFactory.lambda$doGetBean$0(AbstractBeanFactory.java:336)
	at org.springframework.beans.factory.support.DefaultSingletonBeanRegistry.getSingleton(DefaultSingletonBeanRegistry.java:289)
	at org.springframework.beans.factory.support.AbstractBeanFactory.doGetBean(AbstractBeanFactory.java:334)
	at org.springframework.beans.factory.support.AbstractBeanFactory.getBean(AbstractBeanFactory.java:199)
	at org.springframework.beans.factory.support.DefaultListableBeanFactory.doResolveDependency(DefaultListableBeanFactory.java:1573)
	at org.springframework.beans.factory.support.DefaultListableBeanFactory.resolveDependency(DefaultListableBeanFactory.java:1519)
	at org.springframework.beans.factory.support.ConstructorResolver.resolveAutowiredArgument(ConstructorResolver.java:913)
	at org.springframework.beans.factory.support.ConstructorResolver.createArgumentArray(ConstructorResolver.java:791)
	... 77 common frames omitted
Caused by: org.springframework.beans.factory.BeanCreationException: Error creating bean with name 'jpaSharedEM_entityManagerFactory': Cannot resolve reference to bean 'entityManagerFactory' while setting constructor argument
	at org.springframework.beans.factory.support.BeanDefinitionValueResolver.resolveReference(BeanDefinitionValueResolver.java:377)
	at org.springframework.beans.factory.support.BeanDefinitionValueResolver.resolveValueIfNecessary(BeanDefinitionValueResolver.java:135)
	at org.springframework.beans.factory.support.ConstructorResolver.resolveConstructorArguments(ConstructorResolver.java:691)
	at org.springframework.beans.factory.support.ConstructorResolver.instantiateUsingFactoryMethod(ConstructorResolver.java:513)
	at org.springframework.beans.factory.support.AbstractAutowireCapableBeanFactory.instantiateUsingFactoryMethod(AbstractAutowireCapableBeanFactory.java:1357)
	at org.springframework.beans.factory.support.AbstractAutowireCapableBeanFactory.createBeanInstance(AbstractAutowireCapableBeanFactory.java:1187)
	at org.springframework.beans.factory.support.AbstractAutowireCapableBeanFactory.doCreateBean(AbstractAutowireCapableBeanFactory.java:563)
	at org.springframework.beans.factory.support.AbstractAutowireCapableBeanFactory.createBean(AbstractAutowireCapableBeanFactory.java:523)
	at org.springframework.beans.factory.support.AbstractBeanFactory.lambda$doGetBean$0(AbstractBeanFactory.java:336)
	at org.springframework.beans.factory.support.DefaultSingletonBeanRegistry.getSingleton(DefaultSingletonBeanRegistry.java:289)
	at org.springframework.beans.factory.support.AbstractBeanFactory.doGetBean(AbstractBeanFactory.java:334)
	at org.springframework.beans.factory.support.AbstractBeanFactory.getBean(AbstractBeanFactory.java:199)
	at org.springframework.beans.factory.support.BeanDefinitionValueResolver.resolveReference(BeanDefinitionValueResolver.java:365)
	... 90 common frames omitted
Caused by: org.springframework.beans.factory.BeanCreationException: Error creating bean with name 'flywayInitializer' defined in class path resource [org/springframework/boot/autoconfigure/flyway/FlywayAutoConfiguration$FlywayConfiguration.class]: Unable to obtain connection from database: Access denied for user 'walletmate'@'localhost' (using password: YES)
----------------------------------------------------------------------------------------------------------------
SQL State  : 28000
Error Code : 1045
Message    : Access denied for user 'walletmate'@'localhost' (using password: YES)

	at org.springframework.beans.factory.support.AbstractAutowireCapableBeanFactory.initializeBean(AbstractAutowireCapableBeanFactory.java:1808)
	at org.springframework.beans.factory.support.AbstractAutowireCapableBeanFactory.doCreateBean(AbstractAutowireCapableBeanFactory.java:601)
	at org.springframework.beans.factory.support.AbstractAutowireCapableBeanFactory.createBean(AbstractAutowireCapableBeanFactory.java:523)
	at org.springframework.beans.factory.support.AbstractBeanFactory.lambda$doGetBean$0(AbstractBeanFactory.java:336)
	at org.springframework.beans.factory.support.DefaultSingletonBeanRegistry.getSingleton(DefaultSingletonBeanRegistry.java:289)
	at org.springframework.beans.factory.support.AbstractBeanFactory.doGetBean(AbstractBeanFactory.java:334)
	at org.springframework.beans.factory.support.AbstractBeanFactory.getBean(AbstractBeanFactory.java:199)
	at org.springframework.beans.factory.support.AbstractBeanFactory.doGetBean(AbstractBeanFactory.java:312)
	at org.springframework.beans.factory.support.AbstractBeanFactory.getBean(AbstractBeanFactory.java:199)
	at org.springframework.beans.factory.support.BeanDefinitionValueResolver.resolveReference(BeanDefinitionValueResolver.java:365)
	... 102 common frames omitted
Caused by: org.flywaydb.core.internal.exception.FlywaySqlException: Unable to obtain connection from database: Access denied for user 'walletmate'@'localhost' (using password: YES)
----------------------------------------------------------------------------------------------------------------
SQL State  : 28000
Error Code : 1045
Message    : Access denied for user 'walletmate'@'localhost' (using password: YES)

	at org.flywaydb.core.internal.jdbc.JdbcUtils.openConnection(JdbcUtils.java:71)
	at org.flywaydb.core.internal.jdbc.JdbcConnectionFactory.<init>(JdbcConnectionFactory.java:76)
	at org.flywaydb.core.FlywayExecutor.execute(FlywayExecutor.java:137)
	at org.flywaydb.core.Flyway.migrate(Flyway.java:176)
	at org.springframework.boot.autoconfigure.flyway.FlywayMigrationInitializer.afterPropertiesSet(FlywayMigrationInitializer.java:66)
	at org.springframework.beans.factory.support.AbstractAutowireCapableBeanFactory.invokeInitMethods(AbstractAutowireCapableBeanFactory.java:1855)
	at org.springframework.beans.factory.support.AbstractAutowireCapableBeanFactory.initializeBean(AbstractAutowireCapableBeanFactory.java:1804)
	... 111 common frames omitted
Caused by: java.sql.SQLException: Access denied for user 'walletmate'@'localhost' (using password: YES)
	at com.mysql.cj.jdbc.exceptions.SQLError.createSQLException(SQLError.java:130)
	at com.mysql.cj.jdbc.exceptions.SQLExceptionsMapping.translateException(SQLExceptionsMapping.java:122)
	at com.mysql.cj.jdbc.ConnectionImpl.createNewIO(ConnectionImpl.java:825)
	at com.mysql.cj.jdbc.ConnectionImpl.<init>(ConnectionImpl.java:446)
	at com.mysql.cj.jdbc.ConnectionImpl.getInstance(ConnectionImpl.java:239)
	at com.mysql.cj.jdbc.NonRegisteringDriver.connect(NonRegisteringDriver.java:188)
	at com.zaxxer.hikari.util.DriverDataSource.getConnection(DriverDataSource.java:137)
	at com.zaxxer.hikari.pool.PoolBase.newConnection(PoolBase.java:360)
	at com.zaxxer.hikari.pool.PoolBase.newPoolEntry(PoolBase.java:202)
	at com.zaxxer.hikari.pool.HikariPool.createPoolEntry(HikariPool.java:461)
	at com.zaxxer.hikari.pool.HikariPool.checkFailFast(HikariPool.java:550)
	at com.zaxxer.hikari.pool.HikariPool.<init>(HikariPool.java:98)
	at com.zaxxer.hikari.HikariDataSource.getConnection(HikariDataSource.java:111)
	at org.flywaydb.core.internal.jdbc.JdbcUtils.openConnection(JdbcUtils.java:59)
	... 117 common frames omitted
2025-01-20 03:01:40 [main] INFO  r.f.walletmate.WalletmateApplication - Starting WalletmateApplication using Java 17.0.12 with PID 20132 (D:\Kab\COA\walletmate\target\classes started by Admin in D:\Kab\COA\walletmate)
2025-01-20 03:01:40 [main] INFO  r.f.walletmate.WalletmateApplication - No active profile set, falling back to 1 default profile: "default"
2025-01-20 03:01:42 [main] INFO  o.s.d.r.c.RepositoryConfigurationDelegate - Bootstrapping Spring Data JPA repositories in DEFAULT mode.
2025-01-20 03:01:42 [main] INFO  o.s.d.r.c.RepositoryConfigurationDelegate - Finished Spring Data repository scanning in 254 ms. Found 8 JPA repository interfaces.
2025-01-20 03:01:46 [main] INFO  o.s.b.w.e.tomcat.TomcatWebServer - Tomcat initialized with port 8081 (http)
2025-01-20 03:01:46 [main] INFO  o.a.catalina.core.StandardService - Starting service [Tomcat]
2025-01-20 03:01:46 [main] INFO  o.a.catalina.core.StandardEngine - Starting Servlet engine: [Apache Tomcat/10.1.34]
2025-01-20 03:01:46 [main] INFO  o.a.c.c.C.[Tomcat].[localhost].[/] - Initializing Spring embedded WebApplicationContext
2025-01-20 03:01:46 [main] INFO  o.s.b.w.s.c.ServletWebServerApplicationContext - Root WebApplicationContext: initialization completed in 5643 ms
2025-01-20 03:01:47 [main] INFO  com.zaxxer.hikari.HikariDataSource - HikariPool-1 - Starting...
2025-01-20 03:01:48 [main] ERROR o.s.b.w.e.tomcat.TomcatStarter - Error starting Tomcat context. Exception: org.springframework.beans.factory.UnsatisfiedDependencyException. Message: Error creating bean with name 'webSecurityConfig' defined in file [D:\Kab\COA\walletmate\target\classes\rw\financial\walletmate\security\WebSecurityConfig.class]: Unsatisfied dependency expressed through constructor parameter 0: Error creating bean with name 'userDetailService' defined in file [D:\Kab\COA\walletmate\target\classes\rw\financial\walletmate\security\user\UserDetailService.class]: Unsatisfied dependency expressed through constructor parameter 0: Error creating bean with name 'userRepository' defined in rw.financial.walletmate.repository.UserRepository defined in @EnableJpaRepositories declared on WalletmateApplication: Cannot resolve reference to bean 'jpaSharedEM_entityManagerFactory' while setting bean property 'entityManager'
2025-01-20 03:01:49 [main] INFO  o.a.catalina.core.StandardService - Stopping service [Tomcat]
2025-01-20 03:01:49 [main] WARN  o.s.b.w.s.c.AnnotationConfigServletWebServerApplicationContext - Exception encountered during context initialization - cancelling refresh attempt: org.springframework.context.ApplicationContextException: Unable to start web server
2025-01-20 03:01:49 [main] INFO  o.s.b.a.l.ConditionEvaluationReportLogger - 

Error starting ApplicationContext. To display the condition evaluation report re-run your application with 'debug' enabled.
2025-01-20 03:01:49 [main] ERROR o.s.boot.SpringApplication - Application run failed
org.springframework.context.ApplicationContextException: Unable to start web server
	at org.springframework.boot.web.servlet.context.ServletWebServerApplicationContext.onRefresh(ServletWebServerApplicationContext.java:165)
	at org.springframework.context.support.AbstractApplicationContext.refresh(AbstractApplicationContext.java:621)
	at org.springframework.boot.web.servlet.context.ServletWebServerApplicationContext.refresh(ServletWebServerApplicationContext.java:146)
	at org.springframework.boot.SpringApplication.refresh(SpringApplication.java:752)
	at org.springframework.boot.SpringApplication.refreshContext(SpringApplication.java:439)
	at org.springframework.boot.SpringApplication.run(SpringApplication.java:318)
	at org.springframework.boot.SpringApplication.run(SpringApplication.java:1361)
	at org.springframework.boot.SpringApplication.run(SpringApplication.java:1350)
	at rw.financial.walletmate.WalletmateApplication.main(WalletmateApplication.java:23)
Caused by: org.springframework.boot.web.server.WebServerException: Unable to start embedded Tomcat
	at org.springframework.boot.web.embedded.tomcat.TomcatWebServer.initialize(TomcatWebServer.java:147)
	at org.springframework.boot.web.embedded.tomcat.TomcatWebServer.<init>(TomcatWebServer.java:107)
	at org.springframework.boot.web.embedded.tomcat.TomcatServletWebServerFactory.getTomcatWebServer(TomcatServletWebServerFactory.java:516)
	at org.springframework.boot.web.embedded.tomcat.TomcatServletWebServerFactory.getWebServer(TomcatServletWebServerFactory.java:222)
	at org.springframework.boot.web.servlet.context.ServletWebServerApplicationContext.createWebServer(ServletWebServerApplicationContext.java:188)
	at org.springframework.boot.web.servlet.context.ServletWebServerApplicationContext.onRefresh(ServletWebServerApplicationContext.java:162)
	... 8 common frames omitted
Caused by: org.springframework.beans.factory.UnsatisfiedDependencyException: Error creating bean with name 'webSecurityConfig' defined in file [D:\Kab\COA\walletmate\target\classes\rw\financial\walletmate\security\WebSecurityConfig.class]: Unsatisfied dependency expressed through constructor parameter 0: Error creating bean with name 'userDetailService' defined in file [D:\Kab\COA\walletmate\target\classes\rw\financial\walletmate\security\user\UserDetailService.class]: Unsatisfied dependency expressed through constructor parameter 0: Error creating bean with name 'userRepository' defined in rw.financial.walletmate.repository.UserRepository defined in @EnableJpaRepositories declared on WalletmateApplication: Cannot resolve reference to bean 'jpaSharedEM_entityManagerFactory' while setting bean property 'entityManager'
	at org.springframework.beans.factory.support.ConstructorResolver.createArgumentArray(ConstructorResolver.java:804)
	at org.springframework.beans.factory.support.ConstructorResolver.autowireConstructor(ConstructorResolver.java:240)
	at org.springframework.beans.factory.support.AbstractAutowireCapableBeanFactory.autowireConstructor(AbstractAutowireCapableBeanFactory.java:1377)
	at org.springframework.beans.factory.support.AbstractAutowireCapableBeanFactory.createBeanInstance(AbstractAutowireCapableBeanFactory.java:1214)
	at org.springframework.beans.factory.support.AbstractAutowireCapableBeanFactory.doCreateBean(AbstractAutowireCapableBeanFactory.java:563)
	at org.springframework.beans.factory.support.AbstractAutowireCapableBeanFactory.createBean(AbstractAutowireCapableBeanFactory.java:523)
	at org.springframework.beans.factory.support.AbstractBeanFactory.lambda$doGetBean$0(AbstractBeanFactory.java:336)
	at org.springframework.beans.factory.support.DefaultSingletonBeanRegistry.getSingleton(DefaultSingletonBeanRegistry.java:289)
	at org.springframework.beans.factory.support.AbstractBeanFactory.doGetBean(AbstractBeanFactory.java:334)
	at org.springframework.beans.factory.support.AbstractBeanFactory.getBean(AbstractBeanFactory.java:199)
	at org.springframework.beans.factory.support.ConstructorResolver.instantiateUsingFactoryMethod(ConstructorResolver.java:413)
	at org.springframework.beans.factory.support.AbstractAutowireCapableBeanFactory.instantiateUsingFactoryMethod(AbstractAutowireCapableBeanFactory.java:1357)
	at org.springframework.beans.factory.support.AbstractAutowireCapableBeanFactory.createBeanInstance(AbstractAutowireCapableBeanFactory.java:1187)
	at org.springframework.beans.factory.support.AbstractAutowireCapableBeanFactory.doCreateBean(AbstractAutowireCapableBeanFactory.java:563)
	at org.springframework.beans.factory.support.AbstractAutowireCapableBeanFactory.createBean(AbstractAutowireCapableBeanFactory.java:523)
	at org.springframework.beans.factory.support.AbstractBeanFactory.lambda$doGetBean$0(AbstractBeanFactory.java:336)
	at org.springframework.beans.factory.support.DefaultSingletonBeanRegistry.getSingleton(DefaultSingletonBeanRegistry.java:289)
	at org.springframework.beans.factory.support.AbstractBeanFactory.doGetBean(AbstractBeanFactory.java:334)
	at org.springframework.beans.factory.support.AbstractBeanFactory.getBean(AbstractBeanFactory.java:204)
	at org.springframework.boot.web.servlet.ServletContextInitializerBeans.getOrderedBeansOfType(ServletContextInitializerBeans.java:211)
	at org.springframework.boot.web.servlet.ServletContextInitializerBeans.addAsRegistrationBean(ServletContextInitializerBeans.java:174)
	at org.springframework.boot.web.servlet.ServletContextInitializerBeans.addAsRegistrationBean(ServletContextInitializerBeans.java:169)
	at org.springframework.boot.web.servlet.ServletContextInitializerBeans.addAdaptableBeans(ServletContextInitializerBeans.java:154)
	at org.springframework.boot.web.servlet.ServletContextInitializerBeans.<init>(ServletContextInitializerBeans.java:87)
	at org.springframework.boot.web.servlet.context.ServletWebServerApplicationContext.getServletContextInitializerBeans(ServletWebServerApplicationContext.java:266)
	at org.springframework.boot.web.servlet.context.ServletWebServerApplicationContext.selfInitialize(ServletWebServerApplicationContext.java:240)
	at org.springframework.boot.web.embedded.tomcat.TomcatStarter.onStartup(TomcatStarter.java:52)
	at org.apache.catalina.core.StandardContext.startInternal(StandardContext.java:4426)
	at org.apache.catalina.util.LifecycleBase.start(LifecycleBase.java:164)
	at org.apache.catalina.core.ContainerBase$StartChild.call(ContainerBase.java:1203)
	at org.apache.catalina.core.ContainerBase$StartChild.call(ContainerBase.java:1193)
	at java.base/java.util.concurrent.FutureTask.run(FutureTask.java:264)
	at org.apache.tomcat.util.threads.InlineExecutorService.execute(InlineExecutorService.java:75)
	at java.base/java.util.concurrent.AbstractExecutorService.submit(AbstractExecutorService.java:145)
	at org.apache.catalina.core.ContainerBase.startInternal(ContainerBase.java:749)
	at org.apache.catalina.core.StandardHost.startInternal(StandardHost.java:772)
	at org.apache.catalina.util.LifecycleBase.start(LifecycleBase.java:164)
	at org.apache.catalina.core.ContainerBase$StartChild.call(ContainerBase.java:1203)
	at org.apache.catalina.core.ContainerBase$StartChild.call(ContainerBase.java:1193)
	at java.base/java.util.concurrent.FutureTask.run(FutureTask.java:264)
	at org.apache.tomcat.util.threads.InlineExecutorService.execute(InlineExecutorService.java:75)
	at java.base/java.util.concurrent.AbstractExecutorService.submit(AbstractExecutorService.java:145)
	at org.apache.catalina.core.ContainerBase.startInternal(ContainerBase.java:749)
	at org.apache.catalina.core.StandardEngine.startInternal(StandardEngine.java:203)
	at org.apache.catalina.util.LifecycleBase.start(LifecycleBase.java:164)
	at org.apache.catalina.core.StandardService.startInternal(StandardService.java:415)
	at org.apache.catalina.util.LifecycleBase.start(LifecycleBase.java:164)
	at org.apache.catalina.core.StandardServer.startInternal(StandardServer.java:870)
	at org.apache.catalina.util.LifecycleBase.start(LifecycleBase.java:164)
	at org.apache.catalina.startup.Tomcat.start(Tomcat.java:437)
	at org.springframework.boot.web.embedded.tomcat.TomcatWebServer.initialize(TomcatWebServer.java:128)
	... 13 common frames omitted
Caused by: org.springframework.beans.factory.UnsatisfiedDependencyException: Error creating bean with name 'userDetailService' defined in file [D:\Kab\COA\walletmate\target\classes\rw\financial\walletmate\security\user\UserDetailService.class]: Unsatisfied dependency expressed through constructor parameter 0: Error creating bean with name 'userRepository' defined in rw.financial.walletmate.repository.UserRepository defined in @EnableJpaRepositories declared on WalletmateApplication: Cannot resolve reference to bean 'jpaSharedEM_entityManagerFactory' while setting bean property 'entityManager'
	at org.springframework.beans.factory.support.ConstructorResolver.createArgumentArray(ConstructorResolver.java:804)
	at org.springframework.beans.factory.support.ConstructorResolver.autowireConstructor(ConstructorResolver.java:240)
	at org.springframework.beans.factory.support.AbstractAutowireCapableBeanFactory.autowireConstructor(AbstractAutowireCapableBeanFactory.java:1377)
	at org.springframework.beans.factory.support.AbstractAutowireCapableBeanFactory.createBeanInstance(AbstractAutowireCapableBeanFactory.java:1214)
	at org.springframework.beans.factory.support.AbstractAutowireCapableBeanFactory.doCreateBean(AbstractAutowireCapableBeanFactory.java:563)
	at org.springframework.beans.factory.support.AbstractAutowireCapableBeanFactory.createBean(AbstractAutowireCapableBeanFactory.java:523)
	at org.springframework.beans.factory.support.AbstractBeanFactory.lambda$doGetBean$0(AbstractBeanFactory.java:336)
	at org.springframework.beans.factory.support.DefaultSingletonBeanRegistry.getSingleton(DefaultSingletonBeanRegistry.java:289)
	at org.springframework.beans.factory.support.AbstractBeanFactory.doGetBean(AbstractBeanFactory.java:334)
	at org.springframework.beans.factory.support.AbstractBeanFactory.getBean(AbstractBeanFactory.java:199)
	at org.springframework.beans.factory.config.DependencyDescriptor.resolveCandidate(DependencyDescriptor.java:254)
	at org.springframework.beans.factory.support.DefaultListableBeanFactory.doResolveDependency(DefaultListableBeanFactory.java:1631)
	at org.springframework.beans.factory.support.DefaultListableBeanFactory.resolveDependency(DefaultListableBeanFactory.java:1519)
	at org.springframework.beans.factory.support.ConstructorResolver.resolveAutowiredArgument(ConstructorResolver.java:913)
	at org.springframework.beans.factory.support.ConstructorResolver.createArgumentArray(ConstructorResolver.java:791)
	... 63 common frames omitted
Caused by: org.springframework.beans.factory.BeanCreationException: Error creating bean with name 'userRepository' defined in rw.financial.walletmate.repository.UserRepository defined in @EnableJpaRepositories declared on WalletmateApplication: Cannot resolve reference to bean 'jpaSharedEM_entityManagerFactory' while setting bean property 'entityManager'
	at org.springframework.beans.factory.support.BeanDefinitionValueResolver.resolveReference(BeanDefinitionValueResolver.java:377)
	at org.springframework.beans.factory.support.BeanDefinitionValueResolver.resolveValueIfNecessary(BeanDefinitionValueResolver.java:135)
	at org.springframework.beans.factory.support.AbstractAutowireCapableBeanFactory.applyPropertyValues(AbstractAutowireCapableBeanFactory.java:1707)
	at org.springframework.beans.factory.support.AbstractAutowireCapableBeanFactory.populateBean(AbstractAutowireCapableBeanFactory.java:1456)
	at org.springframework.beans.factory.support.AbstractAutowireCapableBeanFactory.doCreateBean(AbstractAutowireCapableBeanFactory.java:600)
	at org.springframework.beans.factory.support.AbstractAutowireCapableBeanFactory.createBean(AbstractAutowireCapableBeanFactory.java:523)
	at org.springframework.beans.factory.support.AbstractBeanFactory.lambda$doGetBean$0(AbstractBeanFactory.java:336)
	at org.springframework.beans.factory.support.DefaultSingletonBeanRegistry.getSingleton(DefaultSingletonBeanRegistry.java:289)
	at org.springframework.beans.factory.support.AbstractBeanFactory.doGetBean(AbstractBeanFactory.java:334)
	at org.springframework.beans.factory.support.AbstractBeanFactory.getBean(AbstractBeanFactory.java:199)
	at org.springframework.beans.factory.support.DefaultListableBeanFactory.doResolveDependency(DefaultListableBeanFactory.java:1573)
	at org.springframework.beans.factory.support.DefaultListableBeanFactory.resolveDependency(DefaultListableBeanFactory.java:1519)
	at org.springframework.beans.factory.support.ConstructorResolver.resolveAutowiredArgument(ConstructorResolver.java:913)
	at org.springframework.beans.factory.support.ConstructorResolver.createArgumentArray(ConstructorResolver.java:791)
	... 77 common frames omitted
Caused by: org.springframework.beans.factory.BeanCreationException: Error creating bean with name 'jpaSharedEM_entityManagerFactory': Cannot resolve reference to bean 'entityManagerFactory' while setting constructor argument
	at org.springframework.beans.factory.support.BeanDefinitionValueResolver.resolveReference(BeanDefinitionValueResolver.java:377)
	at org.springframework.beans.factory.support.BeanDefinitionValueResolver.resolveValueIfNecessary(BeanDefinitionValueResolver.java:135)
	at org.springframework.beans.factory.support.ConstructorResolver.resolveConstructorArguments(ConstructorResolver.java:691)
	at org.springframework.beans.factory.support.ConstructorResolver.instantiateUsingFactoryMethod(ConstructorResolver.java:513)
	at org.springframework.beans.factory.support.AbstractAutowireCapableBeanFactory.instantiateUsingFactoryMethod(AbstractAutowireCapableBeanFactory.java:1357)
	at org.springframework.beans.factory.support.AbstractAutowireCapableBeanFactory.createBeanInstance(AbstractAutowireCapableBeanFactory.java:1187)
	at org.springframework.beans.factory.support.AbstractAutowireCapableBeanFactory.doCreateBean(AbstractAutowireCapableBeanFactory.java:563)
	at org.springframework.beans.factory.support.AbstractAutowireCapableBeanFactory.createBean(AbstractAutowireCapableBeanFactory.java:523)
	at org.springframework.beans.factory.support.AbstractBeanFactory.lambda$doGetBean$0(AbstractBeanFactory.java:336)
	at org.springframework.beans.factory.support.DefaultSingletonBeanRegistry.getSingleton(DefaultSingletonBeanRegistry.java:289)
	at org.springframework.beans.factory.support.AbstractBeanFactory.doGetBean(AbstractBeanFactory.java:334)
	at org.springframework.beans.factory.support.AbstractBeanFactory.getBean(AbstractBeanFactory.java:199)
	at org.springframework.beans.factory.support.BeanDefinitionValueResolver.resolveReference(BeanDefinitionValueResolver.java:365)
	... 90 common frames omitted
Caused by: org.springframework.beans.factory.BeanCreationException: Error creating bean with name 'flywayInitializer' defined in class path resource [org/springframework/boot/autoconfigure/flyway/FlywayAutoConfiguration$FlywayConfiguration.class]: Unable to obtain connection from database: Access denied for user 'walletmate'@'localhost' (using password: YES)
----------------------------------------------------------------------------------------------------------------
SQL State  : 28000
Error Code : 1045
Message    : Access denied for user 'walletmate'@'localhost' (using password: YES)

	at org.springframework.beans.factory.support.AbstractAutowireCapableBeanFactory.initializeBean(AbstractAutowireCapableBeanFactory.java:1808)
	at org.springframework.beans.factory.support.AbstractAutowireCapableBeanFactory.doCreateBean(AbstractAutowireCapableBeanFactory.java:601)
	at org.springframework.beans.factory.support.AbstractAutowireCapableBeanFactory.createBean(AbstractAutowireCapableBeanFactory.java:523)
	at org.springframework.beans.factory.support.AbstractBeanFactory.lambda$doGetBean$0(AbstractBeanFactory.java:336)
	at org.springframework.beans.factory.support.DefaultSingletonBeanRegistry.getSingleton(DefaultSingletonBeanRegistry.java:289)
	at org.springframework.beans.factory.support.AbstractBeanFactory.doGetBean(AbstractBeanFactory.java:334)
	at org.springframework.beans.factory.support.AbstractBeanFactory.getBean(AbstractBeanFactory.java:199)
	at org.springframework.beans.factory.support.AbstractBeanFactory.doGetBean(AbstractBeanFactory.java:312)
	at org.springframework.beans.factory.support.AbstractBeanFactory.getBean(AbstractBeanFactory.java:199)
	at org.springframework.beans.factory.support.BeanDefinitionValueResolver.resolveReference(BeanDefinitionValueResolver.java:365)
	... 102 common frames omitted
Caused by: org.flywaydb.core.internal.exception.FlywaySqlException: Unable to obtain connection from database: Access denied for user 'walletmate'@'localhost' (using password: YES)
----------------------------------------------------------------------------------------------------------------
SQL State  : 28000
Error Code : 1045
Message    : Access denied for user 'walletmate'@'localhost' (using password: YES)

	at org.flywaydb.core.internal.jdbc.JdbcUtils.openConnection(JdbcUtils.java:71)
	at org.flywaydb.core.internal.jdbc.JdbcConnectionFactory.<init>(JdbcConnectionFactory.java:76)
	at org.flywaydb.core.FlywayExecutor.execute(FlywayExecutor.java:137)
	at org.flywaydb.core.Flyway.migrate(Flyway.java:176)
	at org.springframework.boot.autoconfigure.flyway.FlywayMigrationInitializer.afterPropertiesSet(FlywayMigrationInitializer.java:66)
	at org.springframework.beans.factory.support.AbstractAutowireCapableBeanFactory.invokeInitMethods(AbstractAutowireCapableBeanFactory.java:1855)
	at org.springframework.beans.factory.support.AbstractAutowireCapableBeanFactory.initializeBean(AbstractAutowireCapableBeanFactory.java:1804)
	... 111 common frames omitted
Caused by: java.sql.SQLException: Access denied for user 'walletmate'@'localhost' (using password: YES)
	at com.mysql.cj.jdbc.exceptions.SQLError.createSQLException(SQLError.java:130)
	at com.mysql.cj.jdbc.exceptions.SQLExceptionsMapping.translateException(SQLExceptionsMapping.java:122)
	at com.mysql.cj.jdbc.ConnectionImpl.createNewIO(ConnectionImpl.java:825)
	at com.mysql.cj.jdbc.ConnectionImpl.<init>(ConnectionImpl.java:446)
	at com.mysql.cj.jdbc.ConnectionImpl.getInstance(ConnectionImpl.java:239)
	at com.mysql.cj.jdbc.NonRegisteringDriver.connect(NonRegisteringDriver.java:188)
	at com.zaxxer.hikari.util.DriverDataSource.getConnection(DriverDataSource.java:137)
	at com.zaxxer.hikari.pool.PoolBase.newConnection(PoolBase.java:360)
	at com.zaxxer.hikari.pool.PoolBase.newPoolEntry(PoolBase.java:202)
	at com.zaxxer.hikari.pool.HikariPool.createPoolEntry(HikariPool.java:461)
	at com.zaxxer.hikari.pool.HikariPool.checkFailFast(HikariPool.java:550)
	at com.zaxxer.hikari.pool.HikariPool.<init>(HikariPool.java:98)
	at com.zaxxer.hikari.HikariDataSource.getConnection(HikariDataSource.java:111)
	at org.flywaydb.core.internal.jdbc.JdbcUtils.openConnection(JdbcUtils.java:59)
	... 117 common frames omitted
2025-01-20 03:16:00 [main] INFO  r.f.walletmate.WalletmateApplication - Starting WalletmateApplication using Java 17.0.12 with PID 11428 (D:\Kab\COA\walletmate\target\classes started by Admin in D:\Kab\COA\walletmate)
2025-01-20 03:16:00 [main] INFO  r.f.walletmate.WalletmateApplication - No active profile set, falling back to 1 default profile: "default"
2025-01-20 03:16:02 [main] INFO  o.s.d.r.c.RepositoryConfigurationDelegate - Bootstrapping Spring Data JPA repositories in DEFAULT mode.
2025-01-20 03:16:02 [main] INFO  o.s.d.r.c.RepositoryConfigurationDelegate - Finished Spring Data repository scanning in 141 ms. Found 8 JPA repository interfaces.
2025-01-20 03:16:04 [main] INFO  o.s.b.w.e.tomcat.TomcatWebServer - Tomcat initialized with port 8081 (http)
2025-01-20 03:16:04 [main] INFO  o.a.catalina.core.StandardService - Starting service [Tomcat]
2025-01-20 03:16:04 [main] INFO  o.a.catalina.core.StandardEngine - Starting Servlet engine: [Apache Tomcat/10.1.34]
2025-01-20 03:16:04 [main] INFO  o.a.c.c.C.[Tomcat].[localhost].[/] - Initializing Spring embedded WebApplicationContext
2025-01-20 03:16:04 [main] INFO  o.s.b.w.s.c.ServletWebServerApplicationContext - Root WebApplicationContext: initialization completed in 3778 ms
2025-01-20 03:16:05 [main] INFO  com.zaxxer.hikari.HikariDataSource - HikariPool-1 - Starting...
2025-01-20 03:16:08 [main] ERROR o.s.b.w.e.tomcat.TomcatStarter - Error starting Tomcat context. Exception: org.springframework.beans.factory.UnsatisfiedDependencyException. Message: Error creating bean with name 'webSecurityConfig' defined in file [D:\Kab\COA\walletmate\target\classes\rw\financial\walletmate\security\WebSecurityConfig.class]: Unsatisfied dependency expressed through constructor parameter 0: Error creating bean with name 'userDetailService' defined in file [D:\Kab\COA\walletmate\target\classes\rw\financial\walletmate\security\user\UserDetailService.class]: Unsatisfied dependency expressed through constructor parameter 0: Error creating bean with name 'userRepository' defined in rw.financial.walletmate.repository.UserRepository defined in @EnableJpaRepositories declared on WalletmateApplication: Cannot resolve reference to bean 'jpaSharedEM_entityManagerFactory' while setting bean property 'entityManager'
2025-01-20 03:16:08 [main] INFO  o.a.catalina.core.StandardService - Stopping service [Tomcat]
2025-01-20 03:16:08 [main] WARN  o.s.b.w.s.c.AnnotationConfigServletWebServerApplicationContext - Exception encountered during context initialization - cancelling refresh attempt: org.springframework.context.ApplicationContextException: Unable to start web server
2025-01-20 03:16:09 [main] INFO  o.s.b.a.l.ConditionEvaluationReportLogger - 

Error starting ApplicationContext. To display the condition evaluation report re-run your application with 'debug' enabled.
2025-01-20 03:16:09 [main] ERROR o.s.boot.SpringApplication - Application run failed
org.springframework.context.ApplicationContextException: Unable to start web server
	at org.springframework.boot.web.servlet.context.ServletWebServerApplicationContext.onRefresh(ServletWebServerApplicationContext.java:165)
	at org.springframework.context.support.AbstractApplicationContext.refresh(AbstractApplicationContext.java:621)
	at org.springframework.boot.web.servlet.context.ServletWebServerApplicationContext.refresh(ServletWebServerApplicationContext.java:146)
	at org.springframework.boot.SpringApplication.refresh(SpringApplication.java:752)
	at org.springframework.boot.SpringApplication.refreshContext(SpringApplication.java:439)
	at org.springframework.boot.SpringApplication.run(SpringApplication.java:318)
	at org.springframework.boot.SpringApplication.run(SpringApplication.java:1361)
	at org.springframework.boot.SpringApplication.run(SpringApplication.java:1350)
	at rw.financial.walletmate.WalletmateApplication.main(WalletmateApplication.java:33)
Caused by: org.springframework.boot.web.server.WebServerException: Unable to start embedded Tomcat
	at org.springframework.boot.web.embedded.tomcat.TomcatWebServer.initialize(TomcatWebServer.java:147)
	at org.springframework.boot.web.embedded.tomcat.TomcatWebServer.<init>(TomcatWebServer.java:107)
	at org.springframework.boot.web.embedded.tomcat.TomcatServletWebServerFactory.getTomcatWebServer(TomcatServletWebServerFactory.java:516)
	at org.springframework.boot.web.embedded.tomcat.TomcatServletWebServerFactory.getWebServer(TomcatServletWebServerFactory.java:222)
	at org.springframework.boot.web.servlet.context.ServletWebServerApplicationContext.createWebServer(ServletWebServerApplicationContext.java:188)
	at org.springframework.boot.web.servlet.context.ServletWebServerApplicationContext.onRefresh(ServletWebServerApplicationContext.java:162)
	... 8 common frames omitted
Caused by: org.springframework.beans.factory.UnsatisfiedDependencyException: Error creating bean with name 'webSecurityConfig' defined in file [D:\Kab\COA\walletmate\target\classes\rw\financial\walletmate\security\WebSecurityConfig.class]: Unsatisfied dependency expressed through constructor parameter 0: Error creating bean with name 'userDetailService' defined in file [D:\Kab\COA\walletmate\target\classes\rw\financial\walletmate\security\user\UserDetailService.class]: Unsatisfied dependency expressed through constructor parameter 0: Error creating bean with name 'userRepository' defined in rw.financial.walletmate.repository.UserRepository defined in @EnableJpaRepositories declared on WalletmateApplication: Cannot resolve reference to bean 'jpaSharedEM_entityManagerFactory' while setting bean property 'entityManager'
	at org.springframework.beans.factory.support.ConstructorResolver.createArgumentArray(ConstructorResolver.java:804)
	at org.springframework.beans.factory.support.ConstructorResolver.autowireConstructor(ConstructorResolver.java:240)
	at org.springframework.beans.factory.support.AbstractAutowireCapableBeanFactory.autowireConstructor(AbstractAutowireCapableBeanFactory.java:1377)
	at org.springframework.beans.factory.support.AbstractAutowireCapableBeanFactory.createBeanInstance(AbstractAutowireCapableBeanFactory.java:1214)
	at org.springframework.beans.factory.support.AbstractAutowireCapableBeanFactory.doCreateBean(AbstractAutowireCapableBeanFactory.java:563)
	at org.springframework.beans.factory.support.AbstractAutowireCapableBeanFactory.createBean(AbstractAutowireCapableBeanFactory.java:523)
	at org.springframework.beans.factory.support.AbstractBeanFactory.lambda$doGetBean$0(AbstractBeanFactory.java:336)
	at org.springframework.beans.factory.support.DefaultSingletonBeanRegistry.getSingleton(DefaultSingletonBeanRegistry.java:289)
	at org.springframework.beans.factory.support.AbstractBeanFactory.doGetBean(AbstractBeanFactory.java:334)
	at org.springframework.beans.factory.support.AbstractBeanFactory.getBean(AbstractBeanFactory.java:199)
	at org.springframework.beans.factory.support.ConstructorResolver.instantiateUsingFactoryMethod(ConstructorResolver.java:413)
	at org.springframework.beans.factory.support.AbstractAutowireCapableBeanFactory.instantiateUsingFactoryMethod(AbstractAutowireCapableBeanFactory.java:1357)
	at org.springframework.beans.factory.support.AbstractAutowireCapableBeanFactory.createBeanInstance(AbstractAutowireCapableBeanFactory.java:1187)
	at org.springframework.beans.factory.support.AbstractAutowireCapableBeanFactory.doCreateBean(AbstractAutowireCapableBeanFactory.java:563)
	at org.springframework.beans.factory.support.AbstractAutowireCapableBeanFactory.createBean(AbstractAutowireCapableBeanFactory.java:523)
	at org.springframework.beans.factory.support.AbstractBeanFactory.lambda$doGetBean$0(AbstractBeanFactory.java:336)
	at org.springframework.beans.factory.support.DefaultSingletonBeanRegistry.getSingleton(DefaultSingletonBeanRegistry.java:289)
	at org.springframework.beans.factory.support.AbstractBeanFactory.doGetBean(AbstractBeanFactory.java:334)
	at org.springframework.beans.factory.support.AbstractBeanFactory.getBean(AbstractBeanFactory.java:204)
	at org.springframework.boot.web.servlet.ServletContextInitializerBeans.getOrderedBeansOfType(ServletContextInitializerBeans.java:211)
	at org.springframework.boot.web.servlet.ServletContextInitializerBeans.addAsRegistrationBean(ServletContextInitializerBeans.java:174)
	at org.springframework.boot.web.servlet.ServletContextInitializerBeans.addAsRegistrationBean(ServletContextInitializerBeans.java:169)
	at org.springframework.boot.web.servlet.ServletContextInitializerBeans.addAdaptableBeans(ServletContextInitializerBeans.java:154)
	at org.springframework.boot.web.servlet.ServletContextInitializerBeans.<init>(ServletContextInitializerBeans.java:87)
	at org.springframework.boot.web.servlet.context.ServletWebServerApplicationContext.getServletContextInitializerBeans(ServletWebServerApplicationContext.java:266)
	at org.springframework.boot.web.servlet.context.ServletWebServerApplicationContext.selfInitialize(ServletWebServerApplicationContext.java:240)
	at org.springframework.boot.web.embedded.tomcat.TomcatStarter.onStartup(TomcatStarter.java:52)
	at org.apache.catalina.core.StandardContext.startInternal(StandardContext.java:4426)
	at org.apache.catalina.util.LifecycleBase.start(LifecycleBase.java:164)
	at org.apache.catalina.core.ContainerBase$StartChild.call(ContainerBase.java:1203)
	at org.apache.catalina.core.ContainerBase$StartChild.call(ContainerBase.java:1193)
	at java.base/java.util.concurrent.FutureTask.run(FutureTask.java:264)
	at org.apache.tomcat.util.threads.InlineExecutorService.execute(InlineExecutorService.java:75)
	at java.base/java.util.concurrent.AbstractExecutorService.submit(AbstractExecutorService.java:145)
	at org.apache.catalina.core.ContainerBase.startInternal(ContainerBase.java:749)
	at org.apache.catalina.core.StandardHost.startInternal(StandardHost.java:772)
	at org.apache.catalina.util.LifecycleBase.start(LifecycleBase.java:164)
	at org.apache.catalina.core.ContainerBase$StartChild.call(ContainerBase.java:1203)
	at org.apache.catalina.core.ContainerBase$StartChild.call(ContainerBase.java:1193)
	at java.base/java.util.concurrent.FutureTask.run(FutureTask.java:264)
	at org.apache.tomcat.util.threads.InlineExecutorService.execute(InlineExecutorService.java:75)
	at java.base/java.util.concurrent.AbstractExecutorService.submit(AbstractExecutorService.java:145)
	at org.apache.catalina.core.ContainerBase.startInternal(ContainerBase.java:749)
	at org.apache.catalina.core.StandardEngine.startInternal(StandardEngine.java:203)
	at org.apache.catalina.util.LifecycleBase.start(LifecycleBase.java:164)
	at org.apache.catalina.core.StandardService.startInternal(StandardService.java:415)
	at org.apache.catalina.util.LifecycleBase.start(LifecycleBase.java:164)
	at org.apache.catalina.core.StandardServer.startInternal(StandardServer.java:870)
	at org.apache.catalina.util.LifecycleBase.start(LifecycleBase.java:164)
	at org.apache.catalina.startup.Tomcat.start(Tomcat.java:437)
	at org.springframework.boot.web.embedded.tomcat.TomcatWebServer.initialize(TomcatWebServer.java:128)
	... 13 common frames omitted
Caused by: org.springframework.beans.factory.UnsatisfiedDependencyException: Error creating bean with name 'userDetailService' defined in file [D:\Kab\COA\walletmate\target\classes\rw\financial\walletmate\security\user\UserDetailService.class]: Unsatisfied dependency expressed through constructor parameter 0: Error creating bean with name 'userRepository' defined in rw.financial.walletmate.repository.UserRepository defined in @EnableJpaRepositories declared on WalletmateApplication: Cannot resolve reference to bean 'jpaSharedEM_entityManagerFactory' while setting bean property 'entityManager'
	at org.springframework.beans.factory.support.ConstructorResolver.createArgumentArray(ConstructorResolver.java:804)
	at org.springframework.beans.factory.support.ConstructorResolver.autowireConstructor(ConstructorResolver.java:240)
	at org.springframework.beans.factory.support.AbstractAutowireCapableBeanFactory.autowireConstructor(AbstractAutowireCapableBeanFactory.java:1377)
	at org.springframework.beans.factory.support.AbstractAutowireCapableBeanFactory.createBeanInstance(AbstractAutowireCapableBeanFactory.java:1214)
	at org.springframework.beans.factory.support.AbstractAutowireCapableBeanFactory.doCreateBean(AbstractAutowireCapableBeanFactory.java:563)
	at org.springframework.beans.factory.support.AbstractAutowireCapableBeanFactory.createBean(AbstractAutowireCapableBeanFactory.java:523)
	at org.springframework.beans.factory.support.AbstractBeanFactory.lambda$doGetBean$0(AbstractBeanFactory.java:336)
	at org.springframework.beans.factory.support.DefaultSingletonBeanRegistry.getSingleton(DefaultSingletonBeanRegistry.java:289)
	at org.springframework.beans.factory.support.AbstractBeanFactory.doGetBean(AbstractBeanFactory.java:334)
	at org.springframework.beans.factory.support.AbstractBeanFactory.getBean(AbstractBeanFactory.java:199)
	at org.springframework.beans.factory.config.DependencyDescriptor.resolveCandidate(DependencyDescriptor.java:254)
	at org.springframework.beans.factory.support.DefaultListableBeanFactory.doResolveDependency(DefaultListableBeanFactory.java:1631)
	at org.springframework.beans.factory.support.DefaultListableBeanFactory.resolveDependency(DefaultListableBeanFactory.java:1519)
	at org.springframework.beans.factory.support.ConstructorResolver.resolveAutowiredArgument(ConstructorResolver.java:913)
	at org.springframework.beans.factory.support.ConstructorResolver.createArgumentArray(ConstructorResolver.java:791)
	... 63 common frames omitted
Caused by: org.springframework.beans.factory.BeanCreationException: Error creating bean with name 'userRepository' defined in rw.financial.walletmate.repository.UserRepository defined in @EnableJpaRepositories declared on WalletmateApplication: Cannot resolve reference to bean 'jpaSharedEM_entityManagerFactory' while setting bean property 'entityManager'
	at org.springframework.beans.factory.support.BeanDefinitionValueResolver.resolveReference(BeanDefinitionValueResolver.java:377)
	at org.springframework.beans.factory.support.BeanDefinitionValueResolver.resolveValueIfNecessary(BeanDefinitionValueResolver.java:135)
	at org.springframework.beans.factory.support.AbstractAutowireCapableBeanFactory.applyPropertyValues(AbstractAutowireCapableBeanFactory.java:1707)
	at org.springframework.beans.factory.support.AbstractAutowireCapableBeanFactory.populateBean(AbstractAutowireCapableBeanFactory.java:1456)
	at org.springframework.beans.factory.support.AbstractAutowireCapableBeanFactory.doCreateBean(AbstractAutowireCapableBeanFactory.java:600)
	at org.springframework.beans.factory.support.AbstractAutowireCapableBeanFactory.createBean(AbstractAutowireCapableBeanFactory.java:523)
	at org.springframework.beans.factory.support.AbstractBeanFactory.lambda$doGetBean$0(AbstractBeanFactory.java:336)
	at org.springframework.beans.factory.support.DefaultSingletonBeanRegistry.getSingleton(DefaultSingletonBeanRegistry.java:289)
	at org.springframework.beans.factory.support.AbstractBeanFactory.doGetBean(AbstractBeanFactory.java:334)
	at org.springframework.beans.factory.support.AbstractBeanFactory.getBean(AbstractBeanFactory.java:199)
	at org.springframework.beans.factory.support.DefaultListableBeanFactory.doResolveDependency(DefaultListableBeanFactory.java:1573)
	at org.springframework.beans.factory.support.DefaultListableBeanFactory.resolveDependency(DefaultListableBeanFactory.java:1519)
	at org.springframework.beans.factory.support.ConstructorResolver.resolveAutowiredArgument(ConstructorResolver.java:913)
	at org.springframework.beans.factory.support.ConstructorResolver.createArgumentArray(ConstructorResolver.java:791)
	... 77 common frames omitted
Caused by: org.springframework.beans.factory.BeanCreationException: Error creating bean with name 'jpaSharedEM_entityManagerFactory': Cannot resolve reference to bean 'entityManagerFactory' while setting constructor argument
	at org.springframework.beans.factory.support.BeanDefinitionValueResolver.resolveReference(BeanDefinitionValueResolver.java:377)
	at org.springframework.beans.factory.support.BeanDefinitionValueResolver.resolveValueIfNecessary(BeanDefinitionValueResolver.java:135)
	at org.springframework.beans.factory.support.ConstructorResolver.resolveConstructorArguments(ConstructorResolver.java:691)
	at org.springframework.beans.factory.support.ConstructorResolver.instantiateUsingFactoryMethod(ConstructorResolver.java:513)
	at org.springframework.beans.factory.support.AbstractAutowireCapableBeanFactory.instantiateUsingFactoryMethod(AbstractAutowireCapableBeanFactory.java:1357)
	at org.springframework.beans.factory.support.AbstractAutowireCapableBeanFactory.createBeanInstance(AbstractAutowireCapableBeanFactory.java:1187)
	at org.springframework.beans.factory.support.AbstractAutowireCapableBeanFactory.doCreateBean(AbstractAutowireCapableBeanFactory.java:563)
	at org.springframework.beans.factory.support.AbstractAutowireCapableBeanFactory.createBean(AbstractAutowireCapableBeanFactory.java:523)
	at org.springframework.beans.factory.support.AbstractBeanFactory.lambda$doGetBean$0(AbstractBeanFactory.java:336)
	at org.springframework.beans.factory.support.DefaultSingletonBeanRegistry.getSingleton(DefaultSingletonBeanRegistry.java:289)
	at org.springframework.beans.factory.support.AbstractBeanFactory.doGetBean(AbstractBeanFactory.java:334)
	at org.springframework.beans.factory.support.AbstractBeanFactory.getBean(AbstractBeanFactory.java:199)
	at org.springframework.beans.factory.support.BeanDefinitionValueResolver.resolveReference(BeanDefinitionValueResolver.java:365)
	... 90 common frames omitted
Caused by: org.springframework.beans.factory.BeanCreationException: Error creating bean with name 'flywayInitializer' defined in class path resource [org/springframework/boot/autoconfigure/flyway/FlywayAutoConfiguration$FlywayConfiguration.class]: Unable to obtain connection from database: Communications link failure

The last packet sent successfully to the server was 0 milliseconds ago. The driver has not received any packets from the server.
--------------------------------------------------------------------------------------------------------------------------------------------------------------------------------------------------------
SQL State  : 08S01
Error Code : 0
Message    : Communications link failure

The last packet sent successfully to the server was 0 milliseconds ago. The driver has not received any packets from the server.

	at org.springframework.beans.factory.support.AbstractAutowireCapableBeanFactory.initializeBean(AbstractAutowireCapableBeanFactory.java:1808)
	at org.springframework.beans.factory.support.AbstractAutowireCapableBeanFactory.doCreateBean(AbstractAutowireCapableBeanFactory.java:601)
	at org.springframework.beans.factory.support.AbstractAutowireCapableBeanFactory.createBean(AbstractAutowireCapableBeanFactory.java:523)
	at org.springframework.beans.factory.support.AbstractBeanFactory.lambda$doGetBean$0(AbstractBeanFactory.java:336)
	at org.springframework.beans.factory.support.DefaultSingletonBeanRegistry.getSingleton(DefaultSingletonBeanRegistry.java:289)
	at org.springframework.beans.factory.support.AbstractBeanFactory.doGetBean(AbstractBeanFactory.java:334)
	at org.springframework.beans.factory.support.AbstractBeanFactory.getBean(AbstractBeanFactory.java:199)
	at org.springframework.beans.factory.support.AbstractBeanFactory.doGetBean(AbstractBeanFactory.java:312)
	at org.springframework.beans.factory.support.AbstractBeanFactory.getBean(AbstractBeanFactory.java:199)
	at org.springframework.beans.factory.support.BeanDefinitionValueResolver.resolveReference(BeanDefinitionValueResolver.java:365)
	... 102 common frames omitted
Caused by: org.flywaydb.core.internal.exception.FlywaySqlException: Unable to obtain connection from database: Communications link failure

The last packet sent successfully to the server was 0 milliseconds ago. The driver has not received any packets from the server.
--------------------------------------------------------------------------------------------------------------------------------------------------------------------------------------------------------
SQL State  : 08S01
Error Code : 0
Message    : Communications link failure

The last packet sent successfully to the server was 0 milliseconds ago. The driver has not received any packets from the server.

	at org.flywaydb.core.internal.jdbc.JdbcUtils.openConnection(JdbcUtils.java:71)
	at org.flywaydb.core.internal.jdbc.JdbcConnectionFactory.<init>(JdbcConnectionFactory.java:76)
	at org.flywaydb.core.FlywayExecutor.execute(FlywayExecutor.java:137)
	at org.flywaydb.core.Flyway.migrate(Flyway.java:176)
	at org.springframework.boot.autoconfigure.flyway.FlywayMigrationInitializer.afterPropertiesSet(FlywayMigrationInitializer.java:66)
	at org.springframework.beans.factory.support.AbstractAutowireCapableBeanFactory.invokeInitMethods(AbstractAutowireCapableBeanFactory.java:1855)
	at org.springframework.beans.factory.support.AbstractAutowireCapableBeanFactory.initializeBean(AbstractAutowireCapableBeanFactory.java:1804)
	... 111 common frames omitted
Caused by: com.mysql.cj.jdbc.exceptions.CommunicationsException: Communications link failure

The last packet sent successfully to the server was 0 milliseconds ago. The driver has not received any packets from the server.
	at com.mysql.cj.jdbc.exceptions.SQLError.createCommunicationsException(SQLError.java:175)
	at com.mysql.cj.jdbc.exceptions.SQLExceptionsMapping.translateException(SQLExceptionsMapping.java:64)
	at com.mysql.cj.jdbc.ConnectionImpl.createNewIO(ConnectionImpl.java:825)
	at com.mysql.cj.jdbc.ConnectionImpl.<init>(ConnectionImpl.java:446)
	at com.mysql.cj.jdbc.ConnectionImpl.getInstance(ConnectionImpl.java:239)
	at com.mysql.cj.jdbc.NonRegisteringDriver.connect(NonRegisteringDriver.java:188)
	at com.zaxxer.hikari.util.DriverDataSource.getConnection(DriverDataSource.java:137)
	at com.zaxxer.hikari.pool.PoolBase.newConnection(PoolBase.java:360)
	at com.zaxxer.hikari.pool.PoolBase.newPoolEntry(PoolBase.java:202)
	at com.zaxxer.hikari.pool.HikariPool.createPoolEntry(HikariPool.java:461)
	at com.zaxxer.hikari.pool.HikariPool.checkFailFast(HikariPool.java:550)
	at com.zaxxer.hikari.pool.HikariPool.<init>(HikariPool.java:98)
	at com.zaxxer.hikari.HikariDataSource.getConnection(HikariDataSource.java:111)
	at org.flywaydb.core.internal.jdbc.JdbcUtils.openConnection(JdbcUtils.java:59)
	... 117 common frames omitted
Caused by: com.mysql.cj.exceptions.CJCommunicationsException: Communications link failure

The last packet sent successfully to the server was 0 milliseconds ago. The driver has not received any packets from the server.
	at java.base/jdk.internal.reflect.NativeConstructorAccessorImpl.newInstance0(Native Method)
	at java.base/jdk.internal.reflect.NativeConstructorAccessorImpl.newInstance(NativeConstructorAccessorImpl.java:77)
	at java.base/jdk.internal.reflect.DelegatingConstructorAccessorImpl.newInstance(DelegatingConstructorAccessorImpl.java:45)
	at java.base/java.lang.reflect.Constructor.newInstanceWithCaller(Constructor.java:499)
	at java.base/java.lang.reflect.Constructor.newInstance(Constructor.java:480)
	at com.mysql.cj.exceptions.ExceptionFactory.createException(ExceptionFactory.java:62)
	at com.mysql.cj.exceptions.ExceptionFactory.createException(ExceptionFactory.java:105)
	at com.mysql.cj.exceptions.ExceptionFactory.createException(ExceptionFactory.java:150)
	at com.mysql.cj.exceptions.ExceptionFactory.createCommunicationsException(ExceptionFactory.java:166)
	at com.mysql.cj.protocol.a.NativeSocketConnection.connect(NativeSocketConnection.java:89)
	at com.mysql.cj.NativeSession.connect(NativeSession.java:121)
	at com.mysql.cj.jdbc.ConnectionImpl.connectOneTryOnly(ConnectionImpl.java:945)
	at com.mysql.cj.jdbc.ConnectionImpl.createNewIO(ConnectionImpl.java:815)
	... 128 common frames omitted
Caused by: java.net.UnknownHostException: No such host is known (your-mysql-host)
	at java.base/java.net.Inet6AddressImpl.lookupAllHostAddr(Native Method)
	at java.base/java.net.InetAddress$PlatformNameService.lookupAllHostAddr(InetAddress.java:933)
	at java.base/java.net.InetAddress.getAddressesFromNameService(InetAddress.java:1543)
	at java.base/java.net.InetAddress$NameServiceAddresses.get(InetAddress.java:852)
	at java.base/java.net.InetAddress.getAllByName0(InetAddress.java:1532)
	at java.base/java.net.InetAddress.getAllByName(InetAddress.java:1384)
	at java.base/java.net.InetAddress.getAllByName(InetAddress.java:1305)
	at com.mysql.cj.protocol.StandardSocketFactory.connect(StandardSocketFactory.java:130)
	at com.mysql.cj.protocol.a.NativeSocketConnection.connect(NativeSocketConnection.java:63)
	... 131 common frames omitted
2025-01-20 03:18:08 [main] INFO  r.f.walletmate.WalletmateApplication - Starting WalletmateApplication using Java 17.0.12 with PID 20460 (D:\Kab\COA\walletmate\target\classes started by Admin in D:\Kab\COA\walletmate)
2025-01-20 03:18:08 [main] INFO  r.f.walletmate.WalletmateApplication - No active profile set, falling back to 1 default profile: "default"
2025-01-20 03:18:11 [main] INFO  o.s.d.r.c.RepositoryConfigurationDelegate - Bootstrapping Spring Data JPA repositories in DEFAULT mode.
2025-01-20 03:18:11 [main] INFO  o.s.d.r.c.RepositoryConfigurationDelegate - Finished Spring Data repository scanning in 140 ms. Found 8 JPA repository interfaces.
2025-01-20 03:18:13 [main] INFO  o.s.b.w.e.tomcat.TomcatWebServer - Tomcat initialized with port 8081 (http)
2025-01-20 03:18:13 [main] INFO  o.a.catalina.core.StandardService - Starting service [Tomcat]
2025-01-20 03:18:13 [main] INFO  o.a.catalina.core.StandardEngine - Starting Servlet engine: [Apache Tomcat/10.1.34]
2025-01-20 03:18:13 [main] INFO  o.a.c.c.C.[Tomcat].[localhost].[/] - Initializing Spring embedded WebApplicationContext
2025-01-20 03:18:13 [main] INFO  o.s.b.w.s.c.ServletWebServerApplicationContext - Root WebApplicationContext: initialization completed in 4505 ms
2025-01-20 03:18:14 [main] INFO  com.zaxxer.hikari.HikariDataSource - HikariPool-1 - Starting...
2025-01-20 03:18:16 [main] ERROR o.s.b.w.e.tomcat.TomcatStarter - Error starting Tomcat context. Exception: org.springframework.beans.factory.UnsatisfiedDependencyException. Message: Error creating bean with name 'webSecurityConfig' defined in file [D:\Kab\COA\walletmate\target\classes\rw\financial\walletmate\security\WebSecurityConfig.class]: Unsatisfied dependency expressed through constructor parameter 0: Error creating bean with name 'userDetailService' defined in file [D:\Kab\COA\walletmate\target\classes\rw\financial\walletmate\security\user\UserDetailService.class]: Unsatisfied dependency expressed through constructor parameter 0: Error creating bean with name 'userRepository' defined in rw.financial.walletmate.repository.UserRepository defined in @EnableJpaRepositories declared on WalletmateApplication: Cannot resolve reference to bean 'jpaSharedEM_entityManagerFactory' while setting bean property 'entityManager'
2025-01-20 03:18:16 [main] INFO  o.a.catalina.core.StandardService - Stopping service [Tomcat]
2025-01-20 03:18:16 [main] WARN  o.s.b.w.s.c.AnnotationConfigServletWebServerApplicationContext - Exception encountered during context initialization - cancelling refresh attempt: org.springframework.context.ApplicationContextException: Unable to start web server
2025-01-20 03:18:16 [main] INFO  o.s.b.a.l.ConditionEvaluationReportLogger - 

Error starting ApplicationContext. To display the condition evaluation report re-run your application with 'debug' enabled.
2025-01-20 03:18:16 [main] ERROR o.s.boot.SpringApplication - Application run failed
org.springframework.context.ApplicationContextException: Unable to start web server
	at org.springframework.boot.web.servlet.context.ServletWebServerApplicationContext.onRefresh(ServletWebServerApplicationContext.java:165)
	at org.springframework.context.support.AbstractApplicationContext.refresh(AbstractApplicationContext.java:621)
	at org.springframework.boot.web.servlet.context.ServletWebServerApplicationContext.refresh(ServletWebServerApplicationContext.java:146)
	at org.springframework.boot.SpringApplication.refresh(SpringApplication.java:752)
	at org.springframework.boot.SpringApplication.refreshContext(SpringApplication.java:439)
	at org.springframework.boot.SpringApplication.run(SpringApplication.java:318)
	at org.springframework.boot.SpringApplication.run(SpringApplication.java:1361)
	at org.springframework.boot.SpringApplication.run(SpringApplication.java:1350)
	at rw.financial.walletmate.WalletmateApplication.main(WalletmateApplication.java:33)
Caused by: org.springframework.boot.web.server.WebServerException: Unable to start embedded Tomcat
	at org.springframework.boot.web.embedded.tomcat.TomcatWebServer.initialize(TomcatWebServer.java:147)
	at org.springframework.boot.web.embedded.tomcat.TomcatWebServer.<init>(TomcatWebServer.java:107)
	at org.springframework.boot.web.embedded.tomcat.TomcatServletWebServerFactory.getTomcatWebServer(TomcatServletWebServerFactory.java:516)
	at org.springframework.boot.web.embedded.tomcat.TomcatServletWebServerFactory.getWebServer(TomcatServletWebServerFactory.java:222)
	at org.springframework.boot.web.servlet.context.ServletWebServerApplicationContext.createWebServer(ServletWebServerApplicationContext.java:188)
	at org.springframework.boot.web.servlet.context.ServletWebServerApplicationContext.onRefresh(ServletWebServerApplicationContext.java:162)
	... 8 common frames omitted
Caused by: org.springframework.beans.factory.UnsatisfiedDependencyException: Error creating bean with name 'webSecurityConfig' defined in file [D:\Kab\COA\walletmate\target\classes\rw\financial\walletmate\security\WebSecurityConfig.class]: Unsatisfied dependency expressed through constructor parameter 0: Error creating bean with name 'userDetailService' defined in file [D:\Kab\COA\walletmate\target\classes\rw\financial\walletmate\security\user\UserDetailService.class]: Unsatisfied dependency expressed through constructor parameter 0: Error creating bean with name 'userRepository' defined in rw.financial.walletmate.repository.UserRepository defined in @EnableJpaRepositories declared on WalletmateApplication: Cannot resolve reference to bean 'jpaSharedEM_entityManagerFactory' while setting bean property 'entityManager'
	at org.springframework.beans.factory.support.ConstructorResolver.createArgumentArray(ConstructorResolver.java:804)
	at org.springframework.beans.factory.support.ConstructorResolver.autowireConstructor(ConstructorResolver.java:240)
	at org.springframework.beans.factory.support.AbstractAutowireCapableBeanFactory.autowireConstructor(AbstractAutowireCapableBeanFactory.java:1377)
	at org.springframework.beans.factory.support.AbstractAutowireCapableBeanFactory.createBeanInstance(AbstractAutowireCapableBeanFactory.java:1214)
	at org.springframework.beans.factory.support.AbstractAutowireCapableBeanFactory.doCreateBean(AbstractAutowireCapableBeanFactory.java:563)
	at org.springframework.beans.factory.support.AbstractAutowireCapableBeanFactory.createBean(AbstractAutowireCapableBeanFactory.java:523)
	at org.springframework.beans.factory.support.AbstractBeanFactory.lambda$doGetBean$0(AbstractBeanFactory.java:336)
	at org.springframework.beans.factory.support.DefaultSingletonBeanRegistry.getSingleton(DefaultSingletonBeanRegistry.java:289)
	at org.springframework.beans.factory.support.AbstractBeanFactory.doGetBean(AbstractBeanFactory.java:334)
	at org.springframework.beans.factory.support.AbstractBeanFactory.getBean(AbstractBeanFactory.java:199)
	at org.springframework.beans.factory.support.ConstructorResolver.instantiateUsingFactoryMethod(ConstructorResolver.java:413)
	at org.springframework.beans.factory.support.AbstractAutowireCapableBeanFactory.instantiateUsingFactoryMethod(AbstractAutowireCapableBeanFactory.java:1357)
	at org.springframework.beans.factory.support.AbstractAutowireCapableBeanFactory.createBeanInstance(AbstractAutowireCapableBeanFactory.java:1187)
	at org.springframework.beans.factory.support.AbstractAutowireCapableBeanFactory.doCreateBean(AbstractAutowireCapableBeanFactory.java:563)
	at org.springframework.beans.factory.support.AbstractAutowireCapableBeanFactory.createBean(AbstractAutowireCapableBeanFactory.java:523)
	at org.springframework.beans.factory.support.AbstractBeanFactory.lambda$doGetBean$0(AbstractBeanFactory.java:336)
	at org.springframework.beans.factory.support.DefaultSingletonBeanRegistry.getSingleton(DefaultSingletonBeanRegistry.java:289)
	at org.springframework.beans.factory.support.AbstractBeanFactory.doGetBean(AbstractBeanFactory.java:334)
	at org.springframework.beans.factory.support.AbstractBeanFactory.getBean(AbstractBeanFactory.java:204)
	at org.springframework.boot.web.servlet.ServletContextInitializerBeans.getOrderedBeansOfType(ServletContextInitializerBeans.java:211)
	at org.springframework.boot.web.servlet.ServletContextInitializerBeans.addAsRegistrationBean(ServletContextInitializerBeans.java:174)
	at org.springframework.boot.web.servlet.ServletContextInitializerBeans.addAsRegistrationBean(ServletContextInitializerBeans.java:169)
	at org.springframework.boot.web.servlet.ServletContextInitializerBeans.addAdaptableBeans(ServletContextInitializerBeans.java:154)
	at org.springframework.boot.web.servlet.ServletContextInitializerBeans.<init>(ServletContextInitializerBeans.java:87)
	at org.springframework.boot.web.servlet.context.ServletWebServerApplicationContext.getServletContextInitializerBeans(ServletWebServerApplicationContext.java:266)
	at org.springframework.boot.web.servlet.context.ServletWebServerApplicationContext.selfInitialize(ServletWebServerApplicationContext.java:240)
	at org.springframework.boot.web.embedded.tomcat.TomcatStarter.onStartup(TomcatStarter.java:52)
	at org.apache.catalina.core.StandardContext.startInternal(StandardContext.java:4426)
	at org.apache.catalina.util.LifecycleBase.start(LifecycleBase.java:164)
	at org.apache.catalina.core.ContainerBase$StartChild.call(ContainerBase.java:1203)
	at org.apache.catalina.core.ContainerBase$StartChild.call(ContainerBase.java:1193)
	at java.base/java.util.concurrent.FutureTask.run(FutureTask.java:264)
	at org.apache.tomcat.util.threads.InlineExecutorService.execute(InlineExecutorService.java:75)
	at java.base/java.util.concurrent.AbstractExecutorService.submit(AbstractExecutorService.java:145)
	at org.apache.catalina.core.ContainerBase.startInternal(ContainerBase.java:749)
	at org.apache.catalina.core.StandardHost.startInternal(StandardHost.java:772)
	at org.apache.catalina.util.LifecycleBase.start(LifecycleBase.java:164)
	at org.apache.catalina.core.ContainerBase$StartChild.call(ContainerBase.java:1203)
	at org.apache.catalina.core.ContainerBase$StartChild.call(ContainerBase.java:1193)
	at java.base/java.util.concurrent.FutureTask.run(FutureTask.java:264)
	at org.apache.tomcat.util.threads.InlineExecutorService.execute(InlineExecutorService.java:75)
	at java.base/java.util.concurrent.AbstractExecutorService.submit(AbstractExecutorService.java:145)
	at org.apache.catalina.core.ContainerBase.startInternal(ContainerBase.java:749)
	at org.apache.catalina.core.StandardEngine.startInternal(StandardEngine.java:203)
	at org.apache.catalina.util.LifecycleBase.start(LifecycleBase.java:164)
	at org.apache.catalina.core.StandardService.startInternal(StandardService.java:415)
	at org.apache.catalina.util.LifecycleBase.start(LifecycleBase.java:164)
	at org.apache.catalina.core.StandardServer.startInternal(StandardServer.java:870)
	at org.apache.catalina.util.LifecycleBase.start(LifecycleBase.java:164)
	at org.apache.catalina.startup.Tomcat.start(Tomcat.java:437)
	at org.springframework.boot.web.embedded.tomcat.TomcatWebServer.initialize(TomcatWebServer.java:128)
	... 13 common frames omitted
Caused by: org.springframework.beans.factory.UnsatisfiedDependencyException: Error creating bean with name 'userDetailService' defined in file [D:\Kab\COA\walletmate\target\classes\rw\financial\walletmate\security\user\UserDetailService.class]: Unsatisfied dependency expressed through constructor parameter 0: Error creating bean with name 'userRepository' defined in rw.financial.walletmate.repository.UserRepository defined in @EnableJpaRepositories declared on WalletmateApplication: Cannot resolve reference to bean 'jpaSharedEM_entityManagerFactory' while setting bean property 'entityManager'
	at org.springframework.beans.factory.support.ConstructorResolver.createArgumentArray(ConstructorResolver.java:804)
	at org.springframework.beans.factory.support.ConstructorResolver.autowireConstructor(ConstructorResolver.java:240)
	at org.springframework.beans.factory.support.AbstractAutowireCapableBeanFactory.autowireConstructor(AbstractAutowireCapableBeanFactory.java:1377)
	at org.springframework.beans.factory.support.AbstractAutowireCapableBeanFactory.createBeanInstance(AbstractAutowireCapableBeanFactory.java:1214)
	at org.springframework.beans.factory.support.AbstractAutowireCapableBeanFactory.doCreateBean(AbstractAutowireCapableBeanFactory.java:563)
	at org.springframework.beans.factory.support.AbstractAutowireCapableBeanFactory.createBean(AbstractAutowireCapableBeanFactory.java:523)
	at org.springframework.beans.factory.support.AbstractBeanFactory.lambda$doGetBean$0(AbstractBeanFactory.java:336)
	at org.springframework.beans.factory.support.DefaultSingletonBeanRegistry.getSingleton(DefaultSingletonBeanRegistry.java:289)
	at org.springframework.beans.factory.support.AbstractBeanFactory.doGetBean(AbstractBeanFactory.java:334)
	at org.springframework.beans.factory.support.AbstractBeanFactory.getBean(AbstractBeanFactory.java:199)
	at org.springframework.beans.factory.config.DependencyDescriptor.resolveCandidate(DependencyDescriptor.java:254)
	at org.springframework.beans.factory.support.DefaultListableBeanFactory.doResolveDependency(DefaultListableBeanFactory.java:1631)
	at org.springframework.beans.factory.support.DefaultListableBeanFactory.resolveDependency(DefaultListableBeanFactory.java:1519)
	at org.springframework.beans.factory.support.ConstructorResolver.resolveAutowiredArgument(ConstructorResolver.java:913)
	at org.springframework.beans.factory.support.ConstructorResolver.createArgumentArray(ConstructorResolver.java:791)
	... 63 common frames omitted
Caused by: org.springframework.beans.factory.BeanCreationException: Error creating bean with name 'userRepository' defined in rw.financial.walletmate.repository.UserRepository defined in @EnableJpaRepositories declared on WalletmateApplication: Cannot resolve reference to bean 'jpaSharedEM_entityManagerFactory' while setting bean property 'entityManager'
	at org.springframework.beans.factory.support.BeanDefinitionValueResolver.resolveReference(BeanDefinitionValueResolver.java:377)
	at org.springframework.beans.factory.support.BeanDefinitionValueResolver.resolveValueIfNecessary(BeanDefinitionValueResolver.java:135)
	at org.springframework.beans.factory.support.AbstractAutowireCapableBeanFactory.applyPropertyValues(AbstractAutowireCapableBeanFactory.java:1707)
	at org.springframework.beans.factory.support.AbstractAutowireCapableBeanFactory.populateBean(AbstractAutowireCapableBeanFactory.java:1456)
	at org.springframework.beans.factory.support.AbstractAutowireCapableBeanFactory.doCreateBean(AbstractAutowireCapableBeanFactory.java:600)
	at org.springframework.beans.factory.support.AbstractAutowireCapableBeanFactory.createBean(AbstractAutowireCapableBeanFactory.java:523)
	at org.springframework.beans.factory.support.AbstractBeanFactory.lambda$doGetBean$0(AbstractBeanFactory.java:336)
	at org.springframework.beans.factory.support.DefaultSingletonBeanRegistry.getSingleton(DefaultSingletonBeanRegistry.java:289)
	at org.springframework.beans.factory.support.AbstractBeanFactory.doGetBean(AbstractBeanFactory.java:334)
	at org.springframework.beans.factory.support.AbstractBeanFactory.getBean(AbstractBeanFactory.java:199)
	at org.springframework.beans.factory.support.DefaultListableBeanFactory.doResolveDependency(DefaultListableBeanFactory.java:1573)
	at org.springframework.beans.factory.support.DefaultListableBeanFactory.resolveDependency(DefaultListableBeanFactory.java:1519)
	at org.springframework.beans.factory.support.ConstructorResolver.resolveAutowiredArgument(ConstructorResolver.java:913)
	at org.springframework.beans.factory.support.ConstructorResolver.createArgumentArray(ConstructorResolver.java:791)
	... 77 common frames omitted
Caused by: org.springframework.beans.factory.BeanCreationException: Error creating bean with name 'jpaSharedEM_entityManagerFactory': Cannot resolve reference to bean 'entityManagerFactory' while setting constructor argument
	at org.springframework.beans.factory.support.BeanDefinitionValueResolver.resolveReference(BeanDefinitionValueResolver.java:377)
	at org.springframework.beans.factory.support.BeanDefinitionValueResolver.resolveValueIfNecessary(BeanDefinitionValueResolver.java:135)
	at org.springframework.beans.factory.support.ConstructorResolver.resolveConstructorArguments(ConstructorResolver.java:691)
	at org.springframework.beans.factory.support.ConstructorResolver.instantiateUsingFactoryMethod(ConstructorResolver.java:513)
	at org.springframework.beans.factory.support.AbstractAutowireCapableBeanFactory.instantiateUsingFactoryMethod(AbstractAutowireCapableBeanFactory.java:1357)
	at org.springframework.beans.factory.support.AbstractAutowireCapableBeanFactory.createBeanInstance(AbstractAutowireCapableBeanFactory.java:1187)
	at org.springframework.beans.factory.support.AbstractAutowireCapableBeanFactory.doCreateBean(AbstractAutowireCapableBeanFactory.java:563)
	at org.springframework.beans.factory.support.AbstractAutowireCapableBeanFactory.createBean(AbstractAutowireCapableBeanFactory.java:523)
	at org.springframework.beans.factory.support.AbstractBeanFactory.lambda$doGetBean$0(AbstractBeanFactory.java:336)
	at org.springframework.beans.factory.support.DefaultSingletonBeanRegistry.getSingleton(DefaultSingletonBeanRegistry.java:289)
	at org.springframework.beans.factory.support.AbstractBeanFactory.doGetBean(AbstractBeanFactory.java:334)
	at org.springframework.beans.factory.support.AbstractBeanFactory.getBean(AbstractBeanFactory.java:199)
	at org.springframework.beans.factory.support.BeanDefinitionValueResolver.resolveReference(BeanDefinitionValueResolver.java:365)
	... 90 common frames omitted
Caused by: org.springframework.beans.factory.BeanCreationException: Error creating bean with name 'flywayInitializer' defined in class path resource [org/springframework/boot/autoconfigure/flyway/FlywayAutoConfiguration$FlywayConfiguration.class]: Unable to obtain connection from database: Access denied for user 'walletmate'@'localhost' (using password: YES)
----------------------------------------------------------------------------------------------------------------
SQL State  : 28000
Error Code : 1045
Message    : Access denied for user 'walletmate'@'localhost' (using password: YES)

	at org.springframework.beans.factory.support.AbstractAutowireCapableBeanFactory.initializeBean(AbstractAutowireCapableBeanFactory.java:1808)
	at org.springframework.beans.factory.support.AbstractAutowireCapableBeanFactory.doCreateBean(AbstractAutowireCapableBeanFactory.java:601)
	at org.springframework.beans.factory.support.AbstractAutowireCapableBeanFactory.createBean(AbstractAutowireCapableBeanFactory.java:523)
	at org.springframework.beans.factory.support.AbstractBeanFactory.lambda$doGetBean$0(AbstractBeanFactory.java:336)
	at org.springframework.beans.factory.support.DefaultSingletonBeanRegistry.getSingleton(DefaultSingletonBeanRegistry.java:289)
	at org.springframework.beans.factory.support.AbstractBeanFactory.doGetBean(AbstractBeanFactory.java:334)
	at org.springframework.beans.factory.support.AbstractBeanFactory.getBean(AbstractBeanFactory.java:199)
	at org.springframework.beans.factory.support.AbstractBeanFactory.doGetBean(AbstractBeanFactory.java:312)
	at org.springframework.beans.factory.support.AbstractBeanFactory.getBean(AbstractBeanFactory.java:199)
	at org.springframework.beans.factory.support.BeanDefinitionValueResolver.resolveReference(BeanDefinitionValueResolver.java:365)
	... 102 common frames omitted
Caused by: org.flywaydb.core.internal.exception.FlywaySqlException: Unable to obtain connection from database: Access denied for user 'walletmate'@'localhost' (using password: YES)
----------------------------------------------------------------------------------------------------------------
SQL State  : 28000
Error Code : 1045
Message    : Access denied for user 'walletmate'@'localhost' (using password: YES)

	at org.flywaydb.core.internal.jdbc.JdbcUtils.openConnection(JdbcUtils.java:71)
	at org.flywaydb.core.internal.jdbc.JdbcConnectionFactory.<init>(JdbcConnectionFactory.java:76)
	at org.flywaydb.core.FlywayExecutor.execute(FlywayExecutor.java:137)
	at org.flywaydb.core.Flyway.migrate(Flyway.java:176)
	at org.springframework.boot.autoconfigure.flyway.FlywayMigrationInitializer.afterPropertiesSet(FlywayMigrationInitializer.java:66)
	at org.springframework.beans.factory.support.AbstractAutowireCapableBeanFactory.invokeInitMethods(AbstractAutowireCapableBeanFactory.java:1855)
	at org.springframework.beans.factory.support.AbstractAutowireCapableBeanFactory.initializeBean(AbstractAutowireCapableBeanFactory.java:1804)
	... 111 common frames omitted
Caused by: java.sql.SQLException: Access denied for user 'walletmate'@'localhost' (using password: YES)
	at com.mysql.cj.jdbc.exceptions.SQLError.createSQLException(SQLError.java:130)
	at com.mysql.cj.jdbc.exceptions.SQLExceptionsMapping.translateException(SQLExceptionsMapping.java:122)
	at com.mysql.cj.jdbc.ConnectionImpl.createNewIO(ConnectionImpl.java:825)
	at com.mysql.cj.jdbc.ConnectionImpl.<init>(ConnectionImpl.java:446)
	at com.mysql.cj.jdbc.ConnectionImpl.getInstance(ConnectionImpl.java:239)
	at com.mysql.cj.jdbc.NonRegisteringDriver.connect(NonRegisteringDriver.java:188)
	at com.zaxxer.hikari.util.DriverDataSource.getConnection(DriverDataSource.java:137)
	at com.zaxxer.hikari.pool.PoolBase.newConnection(PoolBase.java:360)
	at com.zaxxer.hikari.pool.PoolBase.newPoolEntry(PoolBase.java:202)
	at com.zaxxer.hikari.pool.HikariPool.createPoolEntry(HikariPool.java:461)
	at com.zaxxer.hikari.pool.HikariPool.checkFailFast(HikariPool.java:550)
	at com.zaxxer.hikari.pool.HikariPool.<init>(HikariPool.java:98)
	at com.zaxxer.hikari.HikariDataSource.getConnection(HikariDataSource.java:111)
	at org.flywaydb.core.internal.jdbc.JdbcUtils.openConnection(JdbcUtils.java:59)
	... 117 common frames omitted
2025-01-20 03:24:08 [main] INFO  r.f.walletmate.WalletmateApplication - Starting WalletmateApplication using Java 17.0.12 with PID 22348 (D:\Kab\COA\walletmate\target\classes started by Admin in D:\Kab\COA\walletmate)
2025-01-20 03:24:08 [main] INFO  r.f.walletmate.WalletmateApplication - No active profile set, falling back to 1 default profile: "default"
2025-01-20 03:24:10 [main] INFO  o.s.d.r.c.RepositoryConfigurationDelegate - Bootstrapping Spring Data JPA repositories in DEFAULT mode.
2025-01-20 03:24:10 [main] INFO  o.s.d.r.c.RepositoryConfigurationDelegate - Finished Spring Data repository scanning in 173 ms. Found 8 JPA repository interfaces.
2025-01-20 03:24:12 [main] INFO  o.s.b.w.e.tomcat.TomcatWebServer - Tomcat initialized with port 8081 (http)
2025-01-20 03:24:12 [main] INFO  o.a.catalina.core.StandardService - Starting service [Tomcat]
2025-01-20 03:24:12 [main] INFO  o.a.catalina.core.StandardEngine - Starting Servlet engine: [Apache Tomcat/10.1.34]
2025-01-20 03:24:12 [main] INFO  o.a.c.c.C.[Tomcat].[localhost].[/] - Initializing Spring embedded WebApplicationContext
2025-01-20 03:24:12 [main] INFO  o.s.b.w.s.c.ServletWebServerApplicationContext - Root WebApplicationContext: initialization completed in 3768 ms
2025-01-20 03:24:13 [main] INFO  com.zaxxer.hikari.HikariDataSource - HikariPool-1 - Starting...
2025-01-20 03:24:14 [main] INFO  com.zaxxer.hikari.pool.HikariPool - HikariPool-1 - Added connection com.mysql.cj.jdbc.ConnectionImpl@7574d4ad
2025-01-20 03:24:14 [main] INFO  com.zaxxer.hikari.HikariDataSource - HikariPool-1 - Start completed.
2025-01-20 03:24:14 [main] INFO  org.flywaydb.core.FlywayExecutor - Database: jdbc:mysql://localhost:3306/walletmate?createDatabaseIfNotExist=true&useSSL=true (MySQL 8.0)
2025-01-20 03:24:14 [main] INFO  o.f.core.internal.command.DbValidate - Successfully validated 0 migrations (execution time 00:00.073s)
2025-01-20 03:24:14 [main] WARN  o.f.core.internal.command.DbValidate - No migrations found. Are your locations set up correctly?
2025-01-20 03:24:14 [main] INFO  o.f.core.internal.command.DbMigrate - Current version of schema `walletmate`: << Empty Schema >>
2025-01-20 03:24:14 [main] INFO  o.f.core.internal.command.DbMigrate - Schema `walletmate` is up to date. No migration necessary.
2025-01-20 03:24:14 [main] INFO  o.h.jpa.internal.util.LogHelper - HHH000204: Processing PersistenceUnitInfo [name: default]
2025-01-20 03:24:14 [main] INFO  org.hibernate.Version - HHH000412: Hibernate ORM core version 6.6.4.Final
2025-01-20 03:24:15 [main] INFO  o.h.c.i.RegionFactoryInitiator - HHH000026: Second-level cache disabled
2025-01-20 03:24:15 [main] INFO  o.s.o.j.p.SpringPersistenceUnitInfo - No LoadTimeWeaver setup: ignoring JPA class transformer
2025-01-20 03:24:15 [main] WARN  org.hibernate.orm.deprecation - HHH90000025: MySQLDialect does not need to be specified explicitly using 'hibernate.dialect' (remove the property setting and it will be selected by default)
2025-01-20 03:24:15 [main] INFO  o.hibernate.orm.connections.pooling - HHH10001005: Database info:
	Database JDBC URL [Connecting through datasource 'HikariDataSource (HikariPool-1)']
	Database driver: undefined/unknown
	Database version: 8.0.40
	Autocommit mode: undefined/unknown
	Isolation level: undefined/unknown
	Minimum pool size: undefined/unknown
	Maximum pool size: undefined/unknown
2025-01-20 03:24:18 [main] INFO  o.h.e.t.j.p.i.JtaPlatformInitiator - HHH000489: No JTA platform available (set 'hibernate.transaction.jta.platform' to enable JTA platform integration)
2025-01-20 03:24:18 [main] INFO  o.s.o.j.LocalContainerEntityManagerFactoryBean - Initialized JPA EntityManagerFactory for persistence unit 'default'
2025-01-20 03:24:19 [main] DEBUG r.f.walletmate.security.jwt.JwtUtil - Initializing JWT secret key
2025-01-20 03:24:19 [main] DEBUG r.f.w.security.WebSecurityConfig - Creating AuthTokenFilter bean
2025-01-20 03:24:19 [main] DEBUG r.f.w.security.jwt.AuthTokenFilter - Filter 'authenticationTokenFilter' configured for use
2025-01-20 03:24:19 [main] DEBUG o.s.web.filter.CorsFilter - Filter 'corsFilter' configured for use
2025-01-20 03:24:19 [main] INFO  o.s.d.j.r.query.QueryEnhancerFactory - Hibernate is in classpath; If applicable, HQL parser will be used.
2025-01-20 03:24:22 [main] DEBUG r.f.w.security.SecurityConfig - Creating BCryptPasswordEncoder bean
2025-01-20 03:24:22 [main] DEBUG r.f.w.security.SecurityConfig - Creating AuthenticationManager bean
2025-01-20 03:24:23 [main] TRACE o.s.s.c.a.a.c.AuthenticationConfiguration$EnableGlobalAuthenticationAutowiredConfigurer - Eagerly initializing {webSecurityConfig=rw.financial.walletmate.security.WebSecurityConfig$$SpringCGLIB$$0@1aa64998}
2025-01-20 03:24:23 [main] DEBUG r.f.w.security.SecurityConfig - Creating DaoAuthenticationProvider bean
2025-01-20 03:24:23 [main] DEBUG r.f.w.security.SecurityConfig - Configured DaoAuthenticationProvider with UserDetailsService and PasswordEncoder
2025-01-20 03:24:23 [main] INFO  o.s.s.c.a.a.c.InitializeAuthenticationProviderBeanManagerConfigurer$InitializeAuthenticationProviderManagerConfigurer - Global AuthenticationManager configured with AuthenticationProvider bean with name authenticationProvider
2025-01-20 03:24:23 [main] WARN  o.s.s.c.a.a.c.InitializeUserDetailsBeanManagerConfigurer$InitializeUserDetailsManagerConfigurer - Global AuthenticationManager configured with an AuthenticationProvider bean. UserDetailsService beans will not be used by Spring Security for automatically configuring username/password login. Consider removing the AuthenticationProvider bean. Alternatively, consider using the UserDetailsService in a manually instantiated DaoAuthenticationProvider. If the current configuration is intentional, to turn off this warning, increase the logging level of 'org.springframework.security.config.annotation.authentication.configuration.InitializeUserDetailsBeanManagerConfigurer' to ERROR
2025-01-20 03:24:24 [main] WARN  o.s.b.a.o.j.JpaBaseConfiguration$JpaWebConfiguration - spring.jpa.open-in-view is enabled by default. Therefore, database queries may be performed during view rendering. Explicitly configure spring.jpa.open-in-view to disable this warning
2025-01-20 03:24:25 [main] TRACE o.s.w.s.m.m.a.RequestMappingHandlerMapping - 
	r.f.w.c.AccountController:
	{POST [/api/accounts]}: createAccount(AccountDto)
	{GET [/api/accounts/user/{userId}]}: getAccountsByUser(Long)
	{DELETE [/api/accounts/{id}]}: deleteAccount(Long)
	{GET [/api/accounts/{id}]}: getAccountById(Long)
	{PUT [/api/accounts/{id}]}: updateAccount(Long,AccountDto)
2025-01-20 03:24:25 [main] TRACE o.s.w.s.m.m.a.RequestMappingHandlerMapping - 
	r.f.w.c.a.AuthController:
	{GET [/api/auth/validate]}: validateToken(String)
	{POST [/api/auth/login]}: login(LoginRequest)
2025-01-20 03:24:25 [main] TRACE o.s.w.s.m.m.a.RequestMappingHandlerMapping - 
	r.f.w.c.BudgetController:
	{GET [/api/budgets/category/{categoryId}]}: getCategoryBudget(Long,Long)
	{GET [/api/budgets/user/{userId}]}: getUserBudgets(Long)
	{POST [/api/budgets]}: createBudget(BudgetDto,BindingResult)
	{GET [/api/budgets/{id}]}: getBudgetById(Long)
	{DELETE [/api/budgets/{id}]}: deleteBudget(Long)
	{GET [/api/budgets/status/{userId}]}: getBudgetStatus(Long)
	{PUT [/api/budgets/{budgetId}]}: updateBudget(Long,BudgetDto)
	{GET [/api/budgets/user/{userId}/category/{categoryId}]}: getBudgetsByUserAndCategory(Long,Long)
	{GET [/api/budgets/user/{userId}/subcategory/{subcategoryId}]}: getBudgetsByUserAndSubcategory(Long,Long)
2025-01-20 03:24:25 [main] TRACE o.s.w.s.m.m.a.RequestMappingHandlerMapping - 
	r.f.w.c.CategoryController:
	{POST [/api/categories]}: createCategory(CategoryDto)
	{GET [/api/categories/user/{userId}]}: getUserCategories(Long)
	{DELETE [/api/categories/{categoryId}]}: deleteCategory(Long)
	{POST [/api/categories/{categoryId}/subcategories]}: createSubcategory(Long,SubcategoryDto)
	{DELETE [/api/categories/subcategories/{subcategoryId}]}: deleteSubcategory(Long)
	{PUT [/api/categories/{categoryId}]}: updateCategory(Long,CategoryDto)
	{GET [/api/categories/{id}]}: getCategoryById(Long)
	{GET [/api/categories/{categoryId}/subcategories]}: getCategorySubcategories(Long)
2025-01-20 03:24:25 [main] TRACE o.s.w.s.m.m.a.RequestMappingHandlerMapping - 
	r.f.w.c.ForgotPasswordController:
	{POST [/auth/reset-password]}: resetPassword(Map)
	{POST [/auth/forgot-password]}: processForgotPassword(Map)
2025-01-20 03:24:25 [main] TRACE o.s.w.s.m.m.a.RequestMappingHandlerMapping - 
	r.f.w.c.NotificationController:
	{DELETE [/api/notifications/{id}]}: deleteNotification(Long)
	{POST [/api/notifications]}: createNotification(Notification)
	{PUT [/api/notifications/{id}/read]}: markAsRead(Long)
	{GET [/api/notifications/user/{userId}]}: getNotificationsByUser(Long)
	{GET [/api/notifications/user/{userId}/unread]}: getUnreadNotificationsByUser(Long)
2025-01-20 03:24:25 [main] TRACE o.s.w.s.m.m.a.RequestMappingHandlerMapping - 
	r.f.w.c.ProfileController:
	{GET [/api/v2.0/download-profile]}: downloadFileFaster(String)
	{POST [/uploadProfilePicture]}: handleFileUpload(MultipartFile,Long,RedirectAttributes)
2025-01-20 03:24:25 [main] TRACE o.s.w.s.m.m.a.RequestMappingHandlerMapping - 
	r.f.w.c.ReportController:
	{POST [/api/reports/user/{userId}/generate]}: generateReport(Long,ReportRequest)
	{GET [/api/reports/user/{userId}]}: getReports(Long,LocalDate,LocalDate,String)
	{GET [/api/reports/user/{userId}/accounts/summary]}: getAccountsSummary(Long,LocalDate,LocalDate)
	{GET [/api/reports/user/{userId}/summary/category]}: getCategorySummary(Long,LocalDate,LocalDate)
2025-01-20 03:24:25 [main] TRACE o.s.w.s.m.m.a.RequestMappingHandlerMapping - 
	r.f.w.c.SubcategoryController:
	{POST [/api/subcategories/category/{categoryId}]}: createSubcategory(Long,SubcategoryDto)
	{DELETE [/api/subcategories/{id}]}: deleteSubcategory(Long)
	{GET [/api/subcategories/{id}]}: getSubcategoryById(Long)
	{PUT [/api/subcategories/{id}]}: updateSubcategory(Long,Subcategory)
	{GET [/api/subcategories/user/{userId}/category/{categoryId}]}: getSubcategoriesByUserAndCategory(Long,Long)
2025-01-20 03:24:25 [main] TRACE o.s.w.s.m.m.a.RequestMappingHandlerMapping - 
	r.f.w.c.TransactionController:
	{GET [/api/transactions/debug]}: debugData()
	{POST [/api/transactions]}: createTransaction(TransactionDto)
	{GET [/api/transactions/{id}]}: getTransactionById(Long)
	{DELETE [/api/transactions/{id}]}: deleteTransaction(Long)
	{PUT [/api/transactions/{id}]}: updateTransaction(Long,Transaction)
	{GET [/api/transactions/account/{accountId}]}: getAccountTransactions(Long,String,String)
	{GET [/api/transactions/user/{userId}]}: getUserTransactions(Long,String,String,String,Long)
	{GET [/api/transactions/summary/{userId}]}: getTransactionSummary(Long,String)
	{GET [/api/transactions/user/{userId}/dates]}: getTransactionsByDateRange(Long,LocalDate,LocalDate)
2025-01-20 03:24:25 [main] TRACE o.s.w.s.m.m.a.RequestMappingHandlerMapping - 
	r.f.w.c.UserController:
	{GET [/api/users/all]}: getAllUsers(String)
	{DELETE [/api/users/delete/{email}]}: deleteUser(String,String)
	{GET [/api/users/{email}]}: getUserByEmail(String)
	{POST [/api/users/signup]}: signup(User)
2025-01-20 03:24:25 [main] TRACE o.s.w.s.m.m.a.RequestMappingHandlerMapping - 
	o.s.b.a.w.s.e.BasicErrorController:
	{ [/error], produces [text/html]}: errorHtml(HttpServletRequest,HttpServletResponse)
	{ [/error]}: error(HttpServletRequest)
2025-01-20 03:24:25 [main] DEBUG o.s.w.s.m.m.a.RequestMappingHandlerMapping - 57 mappings in 'requestMappingHandlerMapping'
2025-01-20 03:24:25 [main] DEBUG o.s.w.s.h.BeanNameUrlHandlerMapping - Detected 0 mappings in 'beanNameHandlerMapping'
2025-01-20 03:24:25 [main] TRACE o.s.w.s.f.s.RouterFunctionMapping - 0 RouterFunction(s) in 'routerFunctionMapping'
2025-01-20 03:24:25 [main] TRACE o.s.w.s.h.SimpleUrlHandlerMapping - Mapped [/webjars/**] onto ResourceHttpRequestHandler [classpath [META-INF/resources/webjars/]]
2025-01-20 03:24:25 [main] TRACE o.s.w.s.h.SimpleUrlHandlerMapping - Mapped [/**] onto ResourceHttpRequestHandler [classpath [META-INF/resources/], classpath [resources/], classpath [static/], classpath [public/], ServletContext [/]]
2025-01-20 03:24:25 [main] DEBUG o.s.w.s.h.SimpleUrlHandlerMapping - Patterns [/webjars/**, /**] in 'resourceHandlerMapping'
2025-01-20 03:24:25 [main] DEBUG r.f.w.security.WebSecurityConfig - Configuring SecurityFilterChain
2025-01-20 03:24:25 [main] DEBUG r.f.w.security.WebSecurityConfig - Configuring CORS
2025-01-20 03:24:25 [main] DEBUG r.f.w.security.WebSecurityConfig - CORS configuration applied
2025-01-20 03:24:25 [main] DEBUG r.f.w.security.WebSecurityConfig - URL authorization patterns configured
2025-01-20 03:24:25 [main] DEBUG r.f.w.security.WebSecurityConfig - Added JWT authentication filter
2025-01-20 03:24:25 [main] DEBUG o.s.s.web.DefaultSecurityFilterChain - Will secure any request with filters: DisableEncodeUrlFilter, WebAsyncManagerIntegrationFilter, SecurityContextHolderFilter, HeaderWriterFilter, CorsFilter, LogoutFilter, AuthTokenFilter, RequestCacheAwareFilter, SecurityContextHolderAwareRequestFilter, AnonymousAuthenticationFilter, SessionManagementFilter, ExceptionTranslationFilter, AuthorizationFilter
2025-01-20 03:24:26 [main] DEBUG o.s.w.s.m.m.a.RequestMappingHandlerAdapter - ControllerAdvice beans: 0 @ModelAttribute, 0 @InitBinder, 1 RequestBodyAdvice, 1 ResponseBodyAdvice
2025-01-20 03:24:26 [main] DEBUG o.s.w.s.m.m.a.ExceptionHandlerExceptionResolver - ControllerAdvice beans: 0 @ExceptionHandler, 1 ResponseBodyAdvice
2025-01-20 03:24:26 [main] INFO  o.s.b.w.e.tomcat.TomcatWebServer - Tomcat started on port 8081 (http) with context path '/'
2025-01-20 03:24:26 [main] INFO  r.f.walletmate.WalletmateApplication - Started WalletmateApplication in 18.835 seconds (process running for 19.769)
2025-01-20 03:24:26 [main] DEBUG org.hibernate.SQL - 
    select
        u1_0.id,
        u1_0.created_at,
        u1_0.email,
        u1_0.name,
        u1_0.password,
        u1_0.profile_picture,
        u1_0.reset_password_token,
        u1_0.role,
        u1_0.updated_at 
    from
        users u1_0 
    where
        u1_0.email=?
2025-01-20 03:24:26 [main] INFO  r.f.w.config.DataInitializer - Data initialization completed successfully
2025-01-20 03:24:40 [SpringApplicationShutdownHook] INFO  o.s.b.w.e.tomcat.GracefulShutdown - Commencing graceful shutdown. Waiting for active requests to complete
2025-01-20 03:24:40 [tomcat-shutdown] INFO  o.s.b.w.e.tomcat.GracefulShutdown - Graceful shutdown complete
2025-01-20 03:24:40 [SpringApplicationShutdownHook] INFO  o.s.o.j.LocalContainerEntityManagerFactoryBean - Closing JPA EntityManagerFactory for persistence unit 'default'
2025-01-20 03:24:40 [SpringApplicationShutdownHook] INFO  com.zaxxer.hikari.HikariDataSource - HikariPool-1 - Shutdown initiated...
2025-01-20 03:24:40 [SpringApplicationShutdownHook] INFO  com.zaxxer.hikari.HikariDataSource - HikariPool-1 - Shutdown completed.
2025-01-20 03:26:52 [main] INFO  r.f.walletmate.WalletmateApplication - Starting WalletmateApplication using Java 17.0.12 with PID 7320 (D:\Kab\COA\walletmate\target\classes started by Admin in D:\Kab\COA\walletmate)
2025-01-20 03:26:52 [main] INFO  r.f.walletmate.WalletmateApplication - No active profile set, falling back to 1 default profile: "default"
2025-01-20 03:26:53 [main] INFO  o.s.d.r.c.RepositoryConfigurationDelegate - Bootstrapping Spring Data JPA repositories in DEFAULT mode.
2025-01-20 03:26:53 [main] INFO  o.s.d.r.c.RepositoryConfigurationDelegate - Finished Spring Data repository scanning in 146 ms. Found 8 JPA repository interfaces.
2025-01-20 03:26:55 [main] INFO  o.s.b.w.e.tomcat.TomcatWebServer - Tomcat initialized with port 8081 (http)
2025-01-20 03:26:55 [main] INFO  o.a.catalina.core.StandardService - Starting service [Tomcat]
2025-01-20 03:26:55 [main] INFO  o.a.catalina.core.StandardEngine - Starting Servlet engine: [Apache Tomcat/10.1.34]
2025-01-20 03:26:56 [main] INFO  o.a.c.c.C.[Tomcat].[localhost].[/] - Initializing Spring embedded WebApplicationContext
2025-01-20 03:26:56 [main] INFO  o.s.b.w.s.c.ServletWebServerApplicationContext - Root WebApplicationContext: initialization completed in 3611 ms
2025-01-20 03:26:56 [main] INFO  com.zaxxer.hikari.HikariDataSource - HikariPool-1 - Starting...
2025-01-20 03:26:57 [main] INFO  com.zaxxer.hikari.pool.HikariPool - HikariPool-1 - Added connection com.mysql.cj.jdbc.ConnectionImpl@63dda940
2025-01-20 03:26:57 [main] INFO  com.zaxxer.hikari.HikariDataSource - HikariPool-1 - Start completed.
2025-01-20 03:26:57 [main] INFO  org.flywaydb.core.FlywayExecutor - Database: jdbc:mysql://localhost:3306/walletmate?createDatabaseIfNotExist=true&useSSL=true (MySQL 8.0)
2025-01-20 03:26:57 [main] INFO  o.f.core.internal.command.DbValidate - Successfully validated 0 migrations (execution time 00:00.052s)
2025-01-20 03:26:57 [main] WARN  o.f.core.internal.command.DbValidate - No migrations found. Are your locations set up correctly?
2025-01-20 03:26:58 [main] INFO  o.f.core.internal.command.DbMigrate - Current version of schema `walletmate`: << Empty Schema >>
2025-01-20 03:26:58 [main] INFO  o.f.core.internal.command.DbMigrate - Schema `walletmate` is up to date. No migration necessary.
2025-01-20 03:26:58 [main] INFO  o.h.jpa.internal.util.LogHelper - HHH000204: Processing PersistenceUnitInfo [name: default]
2025-01-20 03:26:58 [main] INFO  org.hibernate.Version - HHH000412: Hibernate ORM core version 6.6.4.Final
2025-01-20 03:26:58 [main] INFO  o.h.c.i.RegionFactoryInitiator - HHH000026: Second-level cache disabled
2025-01-20 03:26:59 [main] INFO  o.s.o.j.p.SpringPersistenceUnitInfo - No LoadTimeWeaver setup: ignoring JPA class transformer
2025-01-20 03:26:59 [main] WARN  org.hibernate.orm.deprecation - HHH90000025: MySQLDialect does not need to be specified explicitly using 'hibernate.dialect' (remove the property setting and it will be selected by default)
2025-01-20 03:26:59 [main] INFO  o.hibernate.orm.connections.pooling - HHH10001005: Database info:
	Database JDBC URL [Connecting through datasource 'HikariDataSource (HikariPool-1)']
	Database driver: undefined/unknown
	Database version: 8.0.40
	Autocommit mode: undefined/unknown
	Isolation level: undefined/unknown
	Minimum pool size: undefined/unknown
	Maximum pool size: undefined/unknown
2025-01-20 03:27:02 [main] INFO  o.h.e.t.j.p.i.JtaPlatformInitiator - HHH000489: No JTA platform available (set 'hibernate.transaction.jta.platform' to enable JTA platform integration)
2025-01-20 03:27:03 [main] INFO  o.s.o.j.LocalContainerEntityManagerFactoryBean - Initialized JPA EntityManagerFactory for persistence unit 'default'
2025-01-20 03:27:04 [main] DEBUG r.f.walletmate.security.jwt.JwtUtil - Initializing JWT secret key
2025-01-20 03:27:04 [main] DEBUG r.f.w.security.WebSecurityConfig - Creating AuthTokenFilter bean
2025-01-20 03:27:04 [main] DEBUG r.f.w.security.jwt.AuthTokenFilter - Filter 'authenticationTokenFilter' configured for use
2025-01-20 03:27:04 [main] DEBUG o.s.web.filter.CorsFilter - Filter 'corsFilter' configured for use
2025-01-20 03:27:04 [main] INFO  o.s.d.j.r.query.QueryEnhancerFactory - Hibernate is in classpath; If applicable, HQL parser will be used.
2025-01-20 03:27:09 [main] DEBUG r.f.w.security.SecurityConfig - Creating BCryptPasswordEncoder bean
2025-01-20 03:27:09 [main] DEBUG r.f.w.security.SecurityConfig - Creating AuthenticationManager bean
2025-01-20 03:27:09 [main] TRACE o.s.s.c.a.a.c.AuthenticationConfiguration$EnableGlobalAuthenticationAutowiredConfigurer - Eagerly initializing {webSecurityConfig=rw.financial.walletmate.security.WebSecurityConfig$$SpringCGLIB$$0@18bab95b}
2025-01-20 03:27:09 [main] DEBUG r.f.w.security.SecurityConfig - Creating DaoAuthenticationProvider bean
2025-01-20 03:27:09 [main] DEBUG r.f.w.security.SecurityConfig - Configured DaoAuthenticationProvider with UserDetailsService and PasswordEncoder
2025-01-20 03:27:09 [main] INFO  o.s.s.c.a.a.c.InitializeAuthenticationProviderBeanManagerConfigurer$InitializeAuthenticationProviderManagerConfigurer - Global AuthenticationManager configured with AuthenticationProvider bean with name authenticationProvider
2025-01-20 03:27:09 [main] WARN  o.s.s.c.a.a.c.InitializeUserDetailsBeanManagerConfigurer$InitializeUserDetailsManagerConfigurer - Global AuthenticationManager configured with an AuthenticationProvider bean. UserDetailsService beans will not be used by Spring Security for automatically configuring username/password login. Consider removing the AuthenticationProvider bean. Alternatively, consider using the UserDetailsService in a manually instantiated DaoAuthenticationProvider. If the current configuration is intentional, to turn off this warning, increase the logging level of 'org.springframework.security.config.annotation.authentication.configuration.InitializeUserDetailsBeanManagerConfigurer' to ERROR
2025-01-20 03:27:13 [main] WARN  o.s.b.a.o.j.JpaBaseConfiguration$JpaWebConfiguration - spring.jpa.open-in-view is enabled by default. Therefore, database queries may be performed during view rendering. Explicitly configure spring.jpa.open-in-view to disable this warning
2025-01-20 03:27:14 [main] TRACE o.s.w.s.m.m.a.RequestMappingHandlerMapping - 
	r.f.w.c.AccountController:
	{GET [/api/accounts/user/{userId}]}: getAccountsByUser(Long)
	{POST [/api/accounts]}: createAccount(AccountDto)
	{PUT [/api/accounts/{id}]}: updateAccount(Long,AccountDto)
	{DELETE [/api/accounts/{id}]}: deleteAccount(Long)
	{GET [/api/accounts/{id}]}: getAccountById(Long)
2025-01-20 03:27:14 [main] TRACE o.s.w.s.m.m.a.RequestMappingHandlerMapping - 
	r.f.w.c.a.AuthController:
	{POST [/api/auth/login]}: login(LoginRequest)
	{GET [/api/auth/validate]}: validateToken(String)
2025-01-20 03:27:14 [main] TRACE o.s.w.s.m.m.a.RequestMappingHandlerMapping - 
	r.f.w.c.BudgetController:
	{GET [/api/budgets/category/{categoryId}]}: getCategoryBudget(Long,Long)
	{POST [/api/budgets]}: createBudget(BudgetDto,BindingResult)
	{GET [/api/budgets/{id}]}: getBudgetById(Long)
	{GET [/api/budgets/user/{userId}]}: getUserBudgets(Long)
	{DELETE [/api/budgets/{id}]}: deleteBudget(Long)
	{GET [/api/budgets/status/{userId}]}: getBudgetStatus(Long)
	{PUT [/api/budgets/{budgetId}]}: updateBudget(Long,BudgetDto)
	{GET [/api/budgets/user/{userId}/subcategory/{subcategoryId}]}: getBudgetsByUserAndSubcategory(Long,Long)
	{GET [/api/budgets/user/{userId}/category/{categoryId}]}: getBudgetsByUserAndCategory(Long,Long)
2025-01-20 03:27:14 [main] TRACE o.s.w.s.m.m.a.RequestMappingHandlerMapping - 
	r.f.w.c.CategoryController:
	{POST [/api/categories]}: createCategory(CategoryDto)
	{POST [/api/categories/{categoryId}/subcategories]}: createSubcategory(Long,SubcategoryDto)
	{DELETE [/api/categories/{categoryId}]}: deleteCategory(Long)
	{PUT [/api/categories/{categoryId}]}: updateCategory(Long,CategoryDto)
	{GET [/api/categories/user/{userId}]}: getUserCategories(Long)
	{GET [/api/categories/{id}]}: getCategoryById(Long)
	{DELETE [/api/categories/subcategories/{subcategoryId}]}: deleteSubcategory(Long)
	{GET [/api/categories/{categoryId}/subcategories]}: getCategorySubcategories(Long)
2025-01-20 03:27:14 [main] TRACE o.s.w.s.m.m.a.RequestMappingHandlerMapping - 
	r.f.w.c.ForgotPasswordController:
	{POST [/auth/reset-password]}: resetPassword(Map)
	{POST [/auth/forgot-password]}: processForgotPassword(Map)
2025-01-20 03:27:14 [main] TRACE o.s.w.s.m.m.a.RequestMappingHandlerMapping - 
	r.f.w.c.NotificationController:
	{POST [/api/notifications]}: createNotification(Notification)
	{DELETE [/api/notifications/{id}]}: deleteNotification(Long)
	{PUT [/api/notifications/{id}/read]}: markAsRead(Long)
	{GET [/api/notifications/user/{userId}/unread]}: getUnreadNotificationsByUser(Long)
	{GET [/api/notifications/user/{userId}]}: getNotificationsByUser(Long)
2025-01-20 03:27:14 [main] TRACE o.s.w.s.m.m.a.RequestMappingHandlerMapping - 
	r.f.w.c.ProfileController:
	{POST [/uploadProfilePicture]}: handleFileUpload(MultipartFile,Long,RedirectAttributes)
	{GET [/api/v2.0/download-profile]}: downloadFileFaster(String)
2025-01-20 03:27:14 [main] TRACE o.s.w.s.m.m.a.RequestMappingHandlerMapping - 
	r.f.w.c.ReportController:
	{GET [/api/reports/user/{userId}]}: getReports(Long,LocalDate,LocalDate,String)
	{POST [/api/reports/user/{userId}/generate]}: generateReport(Long,ReportRequest)
	{GET [/api/reports/user/{userId}/accounts/summary]}: getAccountsSummary(Long,LocalDate,LocalDate)
	{GET [/api/reports/user/{userId}/summary/category]}: getCategorySummary(Long,LocalDate,LocalDate)
2025-01-20 03:27:14 [main] TRACE o.s.w.s.m.m.a.RequestMappingHandlerMapping - 
	r.f.w.c.SubcategoryController:
	{GET [/api/subcategories/user/{userId}/category/{categoryId}]}: getSubcategoriesByUserAndCategory(Long,Long)
	{POST [/api/subcategories/category/{categoryId}]}: createSubcategory(Long,SubcategoryDto)
	{DELETE [/api/subcategories/{id}]}: deleteSubcategory(Long)
	{GET [/api/subcategories/{id}]}: getSubcategoryById(Long)
	{PUT [/api/subcategories/{id}]}: updateSubcategory(Long,Subcategory)
2025-01-20 03:27:14 [main] TRACE o.s.w.s.m.m.a.RequestMappingHandlerMapping - 
	r.f.w.c.TransactionController:
	{GET [/api/transactions/user/{userId}]}: getUserTransactions(Long,String,String,String,Long)
	{GET [/api/transactions/summary/{userId}]}: getTransactionSummary(Long,String)
	{GET [/api/transactions/user/{userId}/dates]}: getTransactionsByDateRange(Long,LocalDate,LocalDate)
	{GET [/api/transactions/account/{accountId}]}: getAccountTransactions(Long,String,String)
	{POST [/api/transactions]}: createTransaction(TransactionDto)
	{GET [/api/transactions/debug]}: debugData()
	{PUT [/api/transactions/{id}]}: updateTransaction(Long,Transaction)
	{DELETE [/api/transactions/{id}]}: deleteTransaction(Long)
	{GET [/api/transactions/{id}]}: getTransactionById(Long)
2025-01-20 03:27:14 [main] TRACE o.s.w.s.m.m.a.RequestMappingHandlerMapping - 
	r.f.w.c.UserController:
	{GET [/api/users/all]}: getAllUsers(String)
	{POST [/api/users/signup]}: signup(User)
	{GET [/api/users/{email}]}: getUserByEmail(String)
	{DELETE [/api/users/delete/{email}]}: deleteUser(String,String)
2025-01-20 03:27:14 [main] TRACE o.s.w.s.m.m.a.RequestMappingHandlerMapping - 
	o.s.b.a.w.s.e.BasicErrorController:
	{ [/error]}: error(HttpServletRequest)
	{ [/error], produces [text/html]}: errorHtml(HttpServletRequest,HttpServletResponse)
2025-01-20 03:27:14 [main] DEBUG o.s.w.s.m.m.a.RequestMappingHandlerMapping - 57 mappings in 'requestMappingHandlerMapping'
2025-01-20 03:27:14 [main] DEBUG o.s.w.s.h.BeanNameUrlHandlerMapping - Detected 0 mappings in 'beanNameHandlerMapping'
2025-01-20 03:27:14 [main] TRACE o.s.w.s.f.s.RouterFunctionMapping - 0 RouterFunction(s) in 'routerFunctionMapping'
2025-01-20 03:27:14 [main] TRACE o.s.w.s.h.SimpleUrlHandlerMapping - Mapped [/webjars/**] onto ResourceHttpRequestHandler [classpath [META-INF/resources/webjars/]]
2025-01-20 03:27:14 [main] TRACE o.s.w.s.h.SimpleUrlHandlerMapping - Mapped [/**] onto ResourceHttpRequestHandler [classpath [META-INF/resources/], classpath [resources/], classpath [static/], classpath [public/], ServletContext [/]]
2025-01-20 03:27:14 [main] DEBUG o.s.w.s.h.SimpleUrlHandlerMapping - Patterns [/webjars/**, /**] in 'resourceHandlerMapping'
2025-01-20 03:27:14 [main] DEBUG r.f.w.security.WebSecurityConfig - Configuring SecurityFilterChain
2025-01-20 03:27:14 [main] DEBUG r.f.w.security.WebSecurityConfig - Configuring CORS
2025-01-20 03:27:14 [main] DEBUG r.f.w.security.WebSecurityConfig - CORS configuration applied
2025-01-20 03:27:15 [main] DEBUG r.f.w.security.WebSecurityConfig - URL authorization patterns configured
2025-01-20 03:27:15 [main] DEBUG r.f.w.security.WebSecurityConfig - Added JWT authentication filter
2025-01-20 03:27:15 [main] DEBUG o.s.s.web.DefaultSecurityFilterChain - Will secure any request with filters: DisableEncodeUrlFilter, WebAsyncManagerIntegrationFilter, SecurityContextHolderFilter, HeaderWriterFilter, CorsFilter, LogoutFilter, AuthTokenFilter, RequestCacheAwareFilter, SecurityContextHolderAwareRequestFilter, AnonymousAuthenticationFilter, SessionManagementFilter, ExceptionTranslationFilter, AuthorizationFilter
2025-01-20 03:27:15 [main] DEBUG o.s.w.s.m.m.a.RequestMappingHandlerAdapter - ControllerAdvice beans: 0 @ModelAttribute, 0 @InitBinder, 1 RequestBodyAdvice, 1 ResponseBodyAdvice
2025-01-20 03:27:16 [main] DEBUG o.s.w.s.m.m.a.ExceptionHandlerExceptionResolver - ControllerAdvice beans: 0 @ExceptionHandler, 1 ResponseBodyAdvice
2025-01-20 03:27:16 [main] INFO  o.s.b.w.e.tomcat.TomcatWebServer - Tomcat started on port 8081 (http) with context path '/'
2025-01-20 03:27:16 [main] INFO  r.f.walletmate.WalletmateApplication - Started WalletmateApplication in 25.455 seconds (process running for 26.245)
2025-01-20 03:27:17 [main] DEBUG org.hibernate.SQL - 
    select
        u1_0.id,
        u1_0.created_at,
        u1_0.email,
        u1_0.name,
        u1_0.password,
        u1_0.profile_picture,
        u1_0.reset_password_token,
        u1_0.role,
        u1_0.updated_at 
    from
        users u1_0 
    where
        u1_0.email=?
2025-01-20 03:27:17 [main] INFO  r.f.w.config.DataInitializer - Data initialization completed successfully
2025-01-20 03:28:11 [http-nio-8081-exec-6] INFO  o.a.c.c.C.[Tomcat].[localhost].[/] - Initializing Spring DispatcherServlet 'dispatcherServlet'
2025-01-20 03:28:11 [http-nio-8081-exec-6] INFO  o.s.web.servlet.DispatcherServlet - Initializing Servlet 'dispatcherServlet'
2025-01-20 03:28:11 [http-nio-8081-exec-6] TRACE o.s.web.servlet.DispatcherServlet - Detected org.springframework.web.multipart.support.StandardServletMultipartResolver@3fecb459
2025-01-20 03:28:11 [http-nio-8081-exec-6] TRACE o.s.web.servlet.DispatcherServlet - Detected org.springframework.web.servlet.i18n.AcceptHeaderLocaleResolver@33940a5a
2025-01-20 03:28:11 [http-nio-8081-exec-6] TRACE o.s.web.servlet.DispatcherServlet - Detected org.springframework.web.servlet.theme.FixedThemeResolver@b9f6c33
2025-01-20 03:28:11 [http-nio-8081-exec-6] TRACE o.s.web.servlet.DispatcherServlet - Detected DefaultRequestToViewNameTranslator
2025-01-20 03:28:11 [http-nio-8081-exec-6] TRACE o.s.web.servlet.DispatcherServlet - Detected SessionFlashMapManager
2025-01-20 03:28:11 [http-nio-8081-exec-6] DEBUG o.s.web.servlet.DispatcherServlet - enableLoggingRequestDetails='false': request parameters and headers will be masked to prevent unsafe logging of potentially sensitive data
2025-01-20 03:28:11 [http-nio-8081-exec-6] INFO  o.s.web.servlet.DispatcherServlet - Completed initialization in 150 ms
2025-01-20 03:28:11 [http-nio-8081-exec-6] TRACE o.s.security.web.FilterChainProxy - Trying to match request against DefaultSecurityFilterChain defined as 'securityFilterChain' in [class path resource [rw/financial/walletmate/security/WebSecurityConfig.class]] matching [any request] and having filters [DisableEncodeUrl, WebAsyncManagerIntegration, SecurityContextHolder, HeaderWriter, Cors, Logout, AuthToken, RequestCacheAware, SecurityContextHolderAwareRequest, AnonymousAuthentication, SessionManagement, ExceptionTranslation, Authorization] (1/1)
2025-01-20 03:28:11 [http-nio-8081-exec-3] TRACE o.s.security.web.FilterChainProxy - Trying to match request against DefaultSecurityFilterChain defined as 'securityFilterChain' in [class path resource [rw/financial/walletmate/security/WebSecurityConfig.class]] matching [any request] and having filters [DisableEncodeUrl, WebAsyncManagerIntegration, SecurityContextHolder, HeaderWriter, Cors, Logout, AuthToken, RequestCacheAware, SecurityContextHolderAwareRequest, AnonymousAuthentication, SessionManagement, ExceptionTranslation, Authorization] (1/1)
2025-01-20 03:28:11 [http-nio-8081-exec-5] TRACE o.s.security.web.FilterChainProxy - Trying to match request against DefaultSecurityFilterChain defined as 'securityFilterChain' in [class path resource [rw/financial/walletmate/security/WebSecurityConfig.class]] matching [any request] and having filters [DisableEncodeUrl, WebAsyncManagerIntegration, SecurityContextHolder, HeaderWriter, Cors, Logout, AuthToken, RequestCacheAware, SecurityContextHolderAwareRequest, AnonymousAuthentication, SessionManagement, ExceptionTranslation, Authorization] (1/1)
2025-01-20 03:28:11 [http-nio-8081-exec-4] TRACE o.s.security.web.FilterChainProxy - Trying to match request against DefaultSecurityFilterChain defined as 'securityFilterChain' in [class path resource [rw/financial/walletmate/security/WebSecurityConfig.class]] matching [any request] and having filters [DisableEncodeUrl, WebAsyncManagerIntegration, SecurityContextHolder, HeaderWriter, Cors, Logout, AuthToken, RequestCacheAware, SecurityContextHolderAwareRequest, AnonymousAuthentication, SessionManagement, ExceptionTranslation, Authorization] (1/1)
2025-01-20 03:28:11 [http-nio-8081-exec-3] DEBUG o.s.security.web.FilterChainProxy - Securing OPTIONS /api/transactions/summary/13
2025-01-20 03:28:11 [http-nio-8081-exec-2] TRACE o.s.security.web.FilterChainProxy - Trying to match request against DefaultSecurityFilterChain defined as 'securityFilterChain' in [class path resource [rw/financial/walletmate/security/WebSecurityConfig.class]] matching [any request] and having filters [DisableEncodeUrl, WebAsyncManagerIntegration, SecurityContextHolder, HeaderWriter, Cors, Logout, AuthToken, RequestCacheAware, SecurityContextHolderAwareRequest, AnonymousAuthentication, SessionManagement, ExceptionTranslation, Authorization] (1/1)
2025-01-20 03:28:11 [http-nio-8081-exec-1] TRACE o.s.security.web.FilterChainProxy - Trying to match request against DefaultSecurityFilterChain defined as 'securityFilterChain' in [class path resource [rw/financial/walletmate/security/WebSecurityConfig.class]] matching [any request] and having filters [DisableEncodeUrl, WebAsyncManagerIntegration, SecurityContextHolder, HeaderWriter, Cors, Logout, AuthToken, RequestCacheAware, SecurityContextHolderAwareRequest, AnonymousAuthentication, SessionManagement, ExceptionTranslation, Authorization] (1/1)
2025-01-20 03:28:11 [http-nio-8081-exec-5] DEBUG o.s.security.web.FilterChainProxy - Securing OPTIONS /api/transactions/user/13?
2025-01-20 03:28:11 [http-nio-8081-exec-4] DEBUG o.s.security.web.FilterChainProxy - Securing OPTIONS /api/transactions/summary/13
2025-01-20 03:28:11 [http-nio-8081-exec-6] DEBUG o.s.security.web.FilterChainProxy - Securing OPTIONS /api/transactions/summary/13
2025-01-20 03:28:11 [http-nio-8081-exec-2] DEBUG o.s.security.web.FilterChainProxy - Securing OPTIONS /api/transactions/user/13?
2025-01-20 03:28:11 [http-nio-8081-exec-1] DEBUG o.s.security.web.FilterChainProxy - Securing OPTIONS /api/transactions/user/13?
2025-01-20 03:28:11 [http-nio-8081-exec-5] TRACE o.s.security.web.FilterChainProxy - Invoking DisableEncodeUrlFilter (1/13)
2025-01-20 03:28:11 [http-nio-8081-exec-3] TRACE o.s.security.web.FilterChainProxy - Invoking DisableEncodeUrlFilter (1/13)
2025-01-20 03:28:11 [http-nio-8081-exec-4] TRACE o.s.security.web.FilterChainProxy - Invoking DisableEncodeUrlFilter (1/13)
2025-01-20 03:28:11 [http-nio-8081-exec-6] TRACE o.s.security.web.FilterChainProxy - Invoking DisableEncodeUrlFilter (1/13)
2025-01-20 03:28:11 [http-nio-8081-exec-2] TRACE o.s.security.web.FilterChainProxy - Invoking DisableEncodeUrlFilter (1/13)
2025-01-20 03:28:11 [http-nio-8081-exec-1] TRACE o.s.security.web.FilterChainProxy - Invoking DisableEncodeUrlFilter (1/13)
2025-01-20 03:28:11 [http-nio-8081-exec-1] TRACE o.s.security.web.FilterChainProxy - Invoking WebAsyncManagerIntegrationFilter (2/13)
2025-01-20 03:28:11 [http-nio-8081-exec-3] TRACE o.s.security.web.FilterChainProxy - Invoking WebAsyncManagerIntegrationFilter (2/13)
2025-01-20 03:28:11 [http-nio-8081-exec-4] TRACE o.s.security.web.FilterChainProxy - Invoking WebAsyncManagerIntegrationFilter (2/13)
2025-01-20 03:28:11 [http-nio-8081-exec-5] TRACE o.s.security.web.FilterChainProxy - Invoking WebAsyncManagerIntegrationFilter (2/13)
2025-01-20 03:28:11 [http-nio-8081-exec-2] TRACE o.s.security.web.FilterChainProxy - Invoking WebAsyncManagerIntegrationFilter (2/13)
2025-01-20 03:28:11 [http-nio-8081-exec-6] TRACE o.s.security.web.FilterChainProxy - Invoking WebAsyncManagerIntegrationFilter (2/13)
2025-01-20 03:28:12 [http-nio-8081-exec-5] TRACE o.s.security.web.FilterChainProxy - Invoking SecurityContextHolderFilter (3/13)
2025-01-20 03:28:12 [http-nio-8081-exec-1] TRACE o.s.security.web.FilterChainProxy - Invoking SecurityContextHolderFilter (3/13)
2025-01-20 03:28:12 [http-nio-8081-exec-6] TRACE o.s.security.web.FilterChainProxy - Invoking SecurityContextHolderFilter (3/13)
2025-01-20 03:28:12 [http-nio-8081-exec-4] TRACE o.s.security.web.FilterChainProxy - Invoking SecurityContextHolderFilter (3/13)
2025-01-20 03:28:12 [http-nio-8081-exec-3] TRACE o.s.security.web.FilterChainProxy - Invoking SecurityContextHolderFilter (3/13)
2025-01-20 03:28:12 [http-nio-8081-exec-2] TRACE o.s.security.web.FilterChainProxy - Invoking SecurityContextHolderFilter (3/13)
2025-01-20 03:28:12 [http-nio-8081-exec-3] TRACE o.s.security.web.FilterChainProxy - Invoking HeaderWriterFilter (4/13)
2025-01-20 03:28:12 [http-nio-8081-exec-2] TRACE o.s.security.web.FilterChainProxy - Invoking HeaderWriterFilter (4/13)
2025-01-20 03:28:12 [http-nio-8081-exec-6] TRACE o.s.security.web.FilterChainProxy - Invoking HeaderWriterFilter (4/13)
2025-01-20 03:28:12 [http-nio-8081-exec-5] TRACE o.s.security.web.FilterChainProxy - Invoking HeaderWriterFilter (4/13)
2025-01-20 03:28:12 [http-nio-8081-exec-4] TRACE o.s.security.web.FilterChainProxy - Invoking HeaderWriterFilter (4/13)
2025-01-20 03:28:12 [http-nio-8081-exec-1] TRACE o.s.security.web.FilterChainProxy - Invoking HeaderWriterFilter (4/13)
2025-01-20 03:28:12 [http-nio-8081-exec-5] TRACE o.s.security.web.FilterChainProxy - Invoking CorsFilter (5/13)
2025-01-20 03:28:12 [http-nio-8081-exec-6] TRACE o.s.security.web.FilterChainProxy - Invoking CorsFilter (5/13)
2025-01-20 03:28:12 [http-nio-8081-exec-4] TRACE o.s.security.web.FilterChainProxy - Invoking CorsFilter (5/13)
2025-01-20 03:28:12 [http-nio-8081-exec-3] TRACE o.s.security.web.FilterChainProxy - Invoking CorsFilter (5/13)
2025-01-20 03:28:12 [http-nio-8081-exec-1] TRACE o.s.security.web.FilterChainProxy - Invoking CorsFilter (5/13)
2025-01-20 03:28:12 [http-nio-8081-exec-2] TRACE o.s.security.web.FilterChainProxy - Invoking CorsFilter (5/13)
2025-01-20 03:28:12 [http-nio-8081-exec-5] TRACE o.s.s.w.h.writers.HstsHeaderWriter - Not injecting HSTS header since it did not match request to [Is Secure]
2025-01-20 03:28:12 [http-nio-8081-exec-4] TRACE o.s.s.w.h.writers.HstsHeaderWriter - Not injecting HSTS header since it did not match request to [Is Secure]
2025-01-20 03:28:12 [http-nio-8081-exec-1] TRACE o.s.s.w.h.writers.HstsHeaderWriter - Not injecting HSTS header since it did not match request to [Is Secure]
2025-01-20 03:28:12 [http-nio-8081-exec-2] TRACE o.s.s.w.h.writers.HstsHeaderWriter - Not injecting HSTS header since it did not match request to [Is Secure]
2025-01-20 03:28:12 [http-nio-8081-exec-6] TRACE o.s.s.w.h.writers.HstsHeaderWriter - Not injecting HSTS header since it did not match request to [Is Secure]
2025-01-20 03:28:12 [http-nio-8081-exec-3] TRACE o.s.s.w.h.writers.HstsHeaderWriter - Not injecting HSTS header since it did not match request to [Is Secure]
2025-01-20 03:28:12 [http-nio-8081-exec-8] TRACE o.s.security.web.FilterChainProxy - Trying to match request against DefaultSecurityFilterChain defined as 'securityFilterChain' in [class path resource [rw/financial/walletmate/security/WebSecurityConfig.class]] matching [any request] and having filters [DisableEncodeUrl, WebAsyncManagerIntegration, SecurityContextHolder, HeaderWriter, Cors, Logout, AuthToken, RequestCacheAware, SecurityContextHolderAwareRequest, AnonymousAuthentication, SessionManagement, ExceptionTranslation, Authorization] (1/1)
2025-01-20 03:28:12 [http-nio-8081-exec-7] TRACE o.s.security.web.FilterChainProxy - Trying to match request against DefaultSecurityFilterChain defined as 'securityFilterChain' in [class path resource [rw/financial/walletmate/security/WebSecurityConfig.class]] matching [any request] and having filters [DisableEncodeUrl, WebAsyncManagerIntegration, SecurityContextHolder, HeaderWriter, Cors, Logout, AuthToken, RequestCacheAware, SecurityContextHolderAwareRequest, AnonymousAuthentication, SessionManagement, ExceptionTranslation, Authorization] (1/1)
2025-01-20 03:28:12 [http-nio-8081-exec-8] DEBUG o.s.security.web.FilterChainProxy - Securing GET /api/transactions/summary/13
2025-01-20 03:28:12 [http-nio-8081-exec-7] DEBUG o.s.security.web.FilterChainProxy - Securing GET /api/transactions/user/13?
2025-01-20 03:28:12 [http-nio-8081-exec-8] TRACE o.s.security.web.FilterChainProxy - Invoking DisableEncodeUrlFilter (1/13)
2025-01-20 03:28:12 [http-nio-8081-exec-7] TRACE o.s.security.web.FilterChainProxy - Invoking DisableEncodeUrlFilter (1/13)
2025-01-20 03:28:12 [http-nio-8081-exec-8] TRACE o.s.security.web.FilterChainProxy - Invoking WebAsyncManagerIntegrationFilter (2/13)
2025-01-20 03:28:12 [http-nio-8081-exec-7] TRACE o.s.security.web.FilterChainProxy - Invoking WebAsyncManagerIntegrationFilter (2/13)
2025-01-20 03:28:12 [http-nio-8081-exec-8] TRACE o.s.security.web.FilterChainProxy - Invoking SecurityContextHolderFilter (3/13)
2025-01-20 03:28:12 [http-nio-8081-exec-7] TRACE o.s.security.web.FilterChainProxy - Invoking SecurityContextHolderFilter (3/13)
2025-01-20 03:28:12 [http-nio-8081-exec-8] TRACE o.s.security.web.FilterChainProxy - Invoking HeaderWriterFilter (4/13)
2025-01-20 03:28:12 [http-nio-8081-exec-7] TRACE o.s.security.web.FilterChainProxy - Invoking HeaderWriterFilter (4/13)
2025-01-20 03:28:12 [http-nio-8081-exec-8] TRACE o.s.security.web.FilterChainProxy - Invoking CorsFilter (5/13)
2025-01-20 03:28:12 [http-nio-8081-exec-7] TRACE o.s.security.web.FilterChainProxy - Invoking CorsFilter (5/13)
2025-01-20 03:28:12 [http-nio-8081-exec-8] TRACE o.s.security.web.FilterChainProxy - Invoking LogoutFilter (6/13)
2025-01-20 03:28:12 [http-nio-8081-exec-7] TRACE o.s.security.web.FilterChainProxy - Invoking LogoutFilter (6/13)
2025-01-20 03:28:12 [http-nio-8081-exec-8] TRACE o.s.s.w.a.logout.LogoutFilter - Did not match request to Or [Ant [pattern='/logout', GET], Ant [pattern='/logout', POST], Ant [pattern='/logout', PUT], Ant [pattern='/logout', DELETE]]
2025-01-20 03:28:12 [http-nio-8081-exec-7] TRACE o.s.s.w.a.logout.LogoutFilter - Did not match request to Or [Ant [pattern='/logout', GET], Ant [pattern='/logout', POST], Ant [pattern='/logout', PUT], Ant [pattern='/logout', DELETE]]
2025-01-20 03:28:12 [http-nio-8081-exec-8] TRACE o.s.security.web.FilterChainProxy - Invoking AuthTokenFilter (7/13)
2025-01-20 03:28:12 [http-nio-8081-exec-7] TRACE o.s.security.web.FilterChainProxy - Invoking AuthTokenFilter (7/13)
2025-01-20 03:28:12 [http-nio-8081-exec-8] DEBUG r.f.w.security.jwt.AuthTokenFilter - Checking if should not filter path: /api/transactions/summary/13
2025-01-20 03:28:12 [http-nio-8081-exec-7] DEBUG r.f.w.security.jwt.AuthTokenFilter - Checking if should not filter path: /api/transactions/user/13
2025-01-20 03:28:12 [http-nio-8081-exec-8] DEBUG r.f.w.security.jwt.AuthTokenFilter - Should not filter: false
2025-01-20 03:28:12 [http-nio-8081-exec-7] DEBUG r.f.w.security.jwt.AuthTokenFilter - Should not filter: false
2025-01-20 03:28:12 [http-nio-8081-exec-7] DEBUG r.f.w.security.jwt.AuthTokenFilter - Authorization header: Bearer eyJhbGciOiJIUzI1NiJ9.eyJzdWIiOiJrZXphQGdtYWlsLmNvbSIsInJvbGVzIjpbIlVTRVIiXSwiaWF0IjoxNzM3MzE3MjkyLCJleHAiOjE3Mzc0MDM2OTJ9.I_F4QcTiRU_tyogVc-vmaBaAVo5sHLfLcR541I4kzcU
2025-01-20 03:28:12 [http-nio-8081-exec-8] DEBUG r.f.w.security.jwt.AuthTokenFilter - Authorization header: Bearer eyJhbGciOiJIUzI1NiJ9.eyJzdWIiOiJrZXphQGdtYWlsLmNvbSIsInJvbGVzIjpbIlVTRVIiXSwiaWF0IjoxNzM3MzE3MjkyLCJleHAiOjE3Mzc0MDM2OTJ9.I_F4QcTiRU_tyogVc-vmaBaAVo5sHLfLcR541I4kzcU
2025-01-20 03:28:12 [http-nio-8081-exec-7] DEBUG r.f.w.security.jwt.AuthTokenFilter - JWT token from request: eyJhbGciOiJIUzI1NiJ9.eyJzdWIiOiJrZXphQGdtYWlsLmNvbSIsInJvbGVzIjpbIlVTRVIiXSwiaWF0IjoxNzM3MzE3MjkyLCJleHAiOjE3Mzc0MDM2OTJ9.I_F4QcTiRU_tyogVc-vmaBaAVo5sHLfLcR541I4kzcU
2025-01-20 03:28:12 [http-nio-8081-exec-8] DEBUG r.f.w.security.jwt.AuthTokenFilter - JWT token from request: eyJhbGciOiJIUzI1NiJ9.eyJzdWIiOiJrZXphQGdtYWlsLmNvbSIsInJvbGVzIjpbIlVTRVIiXSwiaWF0IjoxNzM3MzE3MjkyLCJleHAiOjE3Mzc0MDM2OTJ9.I_F4QcTiRU_tyogVc-vmaBaAVo5sHLfLcR541I4kzcU
2025-01-20 03:28:12 [http-nio-8081-exec-8] DEBUG r.f.walletmate.security.jwt.JwtUtil - Validating token: eyJhbGciOiJIUzI1NiJ9.eyJzdWIiOiJrZXphQGdtYWlsLmNvbSIsInJvbGVzIjpbIlVTRVIiXSwiaWF0IjoxNzM3MzE3MjkyLCJleHAiOjE3Mzc0MDM2OTJ9.I_F4QcTiRU_tyogVc-vmaBaAVo5sHLfLcR541I4kzcU
2025-01-20 03:28:12 [http-nio-8081-exec-7] DEBUG r.f.walletmate.security.jwt.JwtUtil - Validating token: eyJhbGciOiJIUzI1NiJ9.eyJzdWIiOiJrZXphQGdtYWlsLmNvbSIsInJvbGVzIjpbIlVTRVIiXSwiaWF0IjoxNzM3MzE3MjkyLCJleHAiOjE3Mzc0MDM2OTJ9.I_F4QcTiRU_tyogVc-vmaBaAVo5sHLfLcR541I4kzcU
2025-01-20 03:28:12 [http-nio-8081-exec-7] DEBUG r.f.walletmate.security.jwt.JwtUtil - Token expiration date: Mon Jan 20 22:08:12 EET 2025, is expired: false
2025-01-20 03:28:12 [http-nio-8081-exec-7] DEBUG r.f.w.security.jwt.AuthTokenFilter - Is token valid? true
2025-01-20 03:28:12 [http-nio-8081-exec-8] DEBUG r.f.walletmate.security.jwt.JwtUtil - Token expiration date: Mon Jan 20 22:08:12 EET 2025, is expired: false
2025-01-20 03:28:12 [http-nio-8081-exec-8] DEBUG r.f.w.security.jwt.AuthTokenFilter - Is token valid? true
2025-01-20 03:28:12 [http-nio-8081-exec-7] DEBUG r.f.walletmate.security.jwt.JwtUtil - Successfully extracted claims from token: {sub=keza@gmail.com, roles=[USER], iat=1737317292, exp=1737403692}
2025-01-20 03:28:12 [http-nio-8081-exec-7] DEBUG r.f.walletmate.security.jwt.JwtUtil - Extracted username from token: keza@gmail.com
2025-01-20 03:28:12 [http-nio-8081-exec-8] DEBUG r.f.walletmate.security.jwt.JwtUtil - Successfully extracted claims from token: {sub=keza@gmail.com, roles=[USER], iat=1737317292, exp=1737403692}
2025-01-20 03:28:12 [http-nio-8081-exec-8] DEBUG r.f.walletmate.security.jwt.JwtUtil - Extracted username from token: keza@gmail.com
2025-01-20 03:28:12 [http-nio-8081-exec-7] DEBUG r.f.walletmate.security.jwt.JwtUtil - Successfully extracted claims from token: {sub=keza@gmail.com, roles=[USER], iat=1737317292, exp=1737403692}
2025-01-20 03:28:12 [http-nio-8081-exec-7] DEBUG r.f.walletmate.security.jwt.JwtUtil - Extracted roles from token: [USER]
2025-01-20 03:28:12 [http-nio-8081-exec-7] DEBUG r.f.w.security.jwt.AuthTokenFilter - User email from token: keza@gmail.com
2025-01-20 03:28:12 [http-nio-8081-exec-7] DEBUG r.f.w.security.jwt.AuthTokenFilter - User roles from token: [USER]
2025-01-20 03:28:12 [http-nio-8081-exec-8] DEBUG r.f.walletmate.security.jwt.JwtUtil - Successfully extracted claims from token: {sub=keza@gmail.com, roles=[USER], iat=1737317292, exp=1737403692}
2025-01-20 03:28:12 [http-nio-8081-exec-8] DEBUG r.f.walletmate.security.jwt.JwtUtil - Extracted roles from token: [USER]
2025-01-20 03:28:12 [http-nio-8081-exec-7] DEBUG r.f.w.s.user.UserDetailService - Loading user details for email: keza@gmail.com
2025-01-20 03:28:12 [http-nio-8081-exec-8] DEBUG r.f.w.security.jwt.AuthTokenFilter - User email from token: keza@gmail.com
2025-01-20 03:28:12 [http-nio-8081-exec-8] DEBUG r.f.w.security.jwt.AuthTokenFilter - User roles from token: [USER]
2025-01-20 03:28:12 [http-nio-8081-exec-8] DEBUG r.f.w.s.user.UserDetailService - Loading user details for email: keza@gmail.com
2025-01-20 03:28:12 [http-nio-8081-exec-7] DEBUG org.hibernate.SQL - 
    select
        u1_0.id,
        u1_0.created_at,
        u1_0.email,
        u1_0.name,
        u1_0.password,
        u1_0.profile_picture,
        u1_0.reset_password_token,
        u1_0.role,
        u1_0.updated_at 
    from
        users u1_0 
    where
        u1_0.email=?
2025-01-20 03:28:12 [http-nio-8081-exec-8] DEBUG org.hibernate.SQL - 
    select
        u1_0.id,
        u1_0.created_at,
        u1_0.email,
        u1_0.name,
        u1_0.password,
        u1_0.profile_picture,
        u1_0.reset_password_token,
        u1_0.role,
        u1_0.updated_at 
    from
        users u1_0 
    where
        u1_0.email=?
2025-01-20 03:28:12 [http-nio-8081-exec-8] DEBUG r.f.w.s.user.UserDetailService - Found user: id=13, email=keza@gmail.com, role=USER, password=$2a$10$pPb...
2025-01-20 03:28:12 [http-nio-8081-exec-7] DEBUG r.f.w.s.user.UserDetailService - Found user: id=13, email=keza@gmail.com, role=USER, password=$2a$10$pPb...
2025-01-20 03:28:12 [http-nio-8081-exec-8] DEBUG r.f.w.security.jwt.AuthTokenFilter - Loaded UserDetails: org.springframework.security.core.userdetails.User [Username=keza@gmail.com, Password=[PROTECTED], Enabled=true, AccountNonExpired=true, CredentialsNonExpired=true, AccountNonLocked=true, Granted Authorities=[ROLE_USER]]
2025-01-20 03:28:12 [http-nio-8081-exec-7] DEBUG r.f.w.security.jwt.AuthTokenFilter - Loaded UserDetails: org.springframework.security.core.userdetails.User [Username=keza@gmail.com, Password=[PROTECTED], Enabled=true, AccountNonExpired=true, CredentialsNonExpired=true, AccountNonLocked=true, Granted Authorities=[ROLE_USER]]
2025-01-20 03:28:12 [http-nio-8081-exec-7] DEBUG r.f.w.security.jwt.AuthTokenFilter - Created authorities: [ROLE_USER]
2025-01-20 03:28:12 [http-nio-8081-exec-8] DEBUG r.f.w.security.jwt.AuthTokenFilter - Created authorities: [ROLE_USER]
2025-01-20 03:28:12 [http-nio-8081-exec-7] TRACE o.s.s.w.c.SupplierDeferredSecurityContext - Created SecurityContextImpl [Null authentication]
2025-01-20 03:28:12 [http-nio-8081-exec-8] TRACE o.s.s.w.c.SupplierDeferredSecurityContext - Created SecurityContextImpl [Null authentication]
2025-01-20 03:28:12 [http-nio-8081-exec-7] INFO  r.f.w.security.jwt.AuthTokenFilter - Successfully authenticated user keza@gmail.com with roles [USER]
2025-01-20 03:28:12 [http-nio-8081-exec-8] INFO  r.f.w.security.jwt.AuthTokenFilter - Successfully authenticated user keza@gmail.com with roles [USER]
2025-01-20 03:28:12 [http-nio-8081-exec-7] TRACE o.s.security.web.FilterChainProxy - Invoking RequestCacheAwareFilter (8/13)
2025-01-20 03:28:12 [http-nio-8081-exec-8] TRACE o.s.security.web.FilterChainProxy - Invoking RequestCacheAwareFilter (8/13)
2025-01-20 03:28:12 [http-nio-8081-exec-8] TRACE o.s.security.web.FilterChainProxy - Invoking SecurityContextHolderAwareRequestFilter (9/13)
2025-01-20 03:28:12 [http-nio-8081-exec-7] TRACE o.s.security.web.FilterChainProxy - Invoking SecurityContextHolderAwareRequestFilter (9/13)
2025-01-20 03:28:12 [http-nio-8081-exec-7] TRACE o.s.security.web.FilterChainProxy - Invoking AnonymousAuthenticationFilter (10/13)
2025-01-20 03:28:12 [http-nio-8081-exec-8] TRACE o.s.security.web.FilterChainProxy - Invoking AnonymousAuthenticationFilter (10/13)
2025-01-20 03:28:12 [http-nio-8081-exec-7] TRACE o.s.security.web.FilterChainProxy - Invoking SessionManagementFilter (11/13)
2025-01-20 03:28:12 [http-nio-8081-exec-8] TRACE o.s.security.web.FilterChainProxy - Invoking SessionManagementFilter (11/13)
2025-01-20 03:28:12 [http-nio-8081-exec-7] TRACE o.s.s.w.a.AnonymousAuthenticationFilter - Did not set SecurityContextHolder since already authenticated UsernamePasswordAuthenticationToken [Principal=org.springframework.security.core.userdetails.User [Username=keza@gmail.com, Password=[PROTECTED], Enabled=true, AccountNonExpired=true, CredentialsNonExpired=true, AccountNonLocked=true, Granted Authorities=[ROLE_USER]], Credentials=[PROTECTED], Authenticated=true, Details=WebAuthenticationDetails [RemoteIpAddress=0:0:0:0:0:0:0:1, SessionId=null], Granted Authorities=[ROLE_USER]]
2025-01-20 03:28:12 [http-nio-8081-exec-8] TRACE o.s.s.w.a.AnonymousAuthenticationFilter - Did not set SecurityContextHolder since already authenticated UsernamePasswordAuthenticationToken [Principal=org.springframework.security.core.userdetails.User [Username=keza@gmail.com, Password=[PROTECTED], Enabled=true, AccountNonExpired=true, CredentialsNonExpired=true, AccountNonLocked=true, Granted Authorities=[ROLE_USER]], Credentials=[PROTECTED], Authenticated=true, Details=WebAuthenticationDetails [RemoteIpAddress=0:0:0:0:0:0:0:1, SessionId=null], Granted Authorities=[ROLE_USER]]
2025-01-20 03:28:12 [http-nio-8081-exec-7] TRACE o.s.s.w.a.s.CompositeSessionAuthenticationStrategy - Preparing session with ChangeSessionIdAuthenticationStrategy (1/1)
2025-01-20 03:28:12 [http-nio-8081-exec-8] TRACE o.s.s.w.a.s.CompositeSessionAuthenticationStrategy - Preparing session with ChangeSessionIdAuthenticationStrategy (1/1)
2025-01-20 03:28:12 [http-nio-8081-exec-8] TRACE o.s.security.web.FilterChainProxy - Invoking ExceptionTranslationFilter (12/13)
2025-01-20 03:28:12 [http-nio-8081-exec-7] TRACE o.s.security.web.FilterChainProxy - Invoking ExceptionTranslationFilter (12/13)
2025-01-20 03:28:12 [http-nio-8081-exec-7] TRACE o.s.security.web.FilterChainProxy - Invoking AuthorizationFilter (13/13)
2025-01-20 03:28:12 [http-nio-8081-exec-8] TRACE o.s.security.web.FilterChainProxy - Invoking AuthorizationFilter (13/13)
2025-01-20 03:28:12 [http-nio-8081-exec-8] TRACE o.s.s.w.a.i.RequestMatcherDelegatingAuthorizationManager - Authorizing GET /api/transactions/summary/13
2025-01-20 03:28:12 [http-nio-8081-exec-7] TRACE o.s.s.w.a.i.RequestMatcherDelegatingAuthorizationManager - Authorizing GET /api/transactions/user/13?
2025-01-20 03:28:12 [http-nio-8081-exec-8] TRACE o.s.s.w.a.i.RequestMatcherDelegatingAuthorizationManager - Checking authorization on GET /api/transactions/summary/13 using AuthorityAuthorizationManager[authorities=[ROLE_USER, ROLE_ADMIN]]
2025-01-20 03:28:12 [http-nio-8081-exec-7] TRACE o.s.s.w.a.i.RequestMatcherDelegatingAuthorizationManager - Checking authorization on GET /api/transactions/user/13? using AuthorityAuthorizationManager[authorities=[ROLE_USER, ROLE_ADMIN]]
2025-01-20 03:28:12 [http-nio-8081-exec-7] DEBUG o.s.security.web.FilterChainProxy - Secured GET /api/transactions/user/13?
2025-01-20 03:28:12 [http-nio-8081-exec-8] DEBUG o.s.security.web.FilterChainProxy - Secured GET /api/transactions/summary/13
2025-01-20 03:28:12 [http-nio-8081-exec-8] TRACE o.s.web.cors.DefaultCorsProcessor - Skip: response already contains "Access-Control-Allow-Origin"
2025-01-20 03:28:12 [http-nio-8081-exec-7] TRACE o.s.web.cors.DefaultCorsProcessor - Skip: response already contains "Access-Control-Allow-Origin"
2025-01-20 03:28:12 [http-nio-8081-exec-8] DEBUG r.f.w.security.jwt.AuthTokenFilter - Checking if should not filter path: /api/transactions/summary/13
2025-01-20 03:28:12 [http-nio-8081-exec-7] DEBUG r.f.w.security.jwt.AuthTokenFilter - Checking if should not filter path: /api/transactions/user/13
2025-01-20 03:28:12 [http-nio-8081-exec-8] DEBUG r.f.w.security.jwt.AuthTokenFilter - Should not filter: false
2025-01-20 03:28:12 [http-nio-8081-exec-7] DEBUG r.f.w.security.jwt.AuthTokenFilter - Should not filter: false
2025-01-20 03:28:12 [http-nio-8081-exec-7] TRACE o.s.web.servlet.DispatcherServlet - GET "/api/transactions/user/13", parameters={}, headers={masked} in DispatcherServlet 'dispatcherServlet'
2025-01-20 03:28:12 [http-nio-8081-exec-8] TRACE o.s.web.servlet.DispatcherServlet - GET "/api/transactions/summary/13", parameters={}, headers={masked} in DispatcherServlet 'dispatcherServlet'
2025-01-20 03:28:12 [http-nio-8081-exec-8] TRACE o.s.w.s.m.m.a.RequestMappingHandlerMapping - Mapped to rw.financial.walletmate.controller.TransactionController#getTransactionSummary(Long, String)
2025-01-20 03:28:12 [http-nio-8081-exec-7] TRACE o.s.w.s.m.m.a.RequestMappingHandlerMapping - Mapped to rw.financial.walletmate.controller.TransactionController#getUserTransactions(Long, String, String, String, Long)
2025-01-20 03:28:12 [http-nio-8081-exec-8] TRACE o.s.web.cors.DefaultCorsProcessor - Skip: response already contains "Access-Control-Allow-Origin"
2025-01-20 03:28:12 [http-nio-8081-exec-7] TRACE o.s.web.cors.DefaultCorsProcessor - Skip: response already contains "Access-Control-Allow-Origin"
2025-01-20 03:28:12 [http-nio-8081-exec-8] TRACE o.s.web.method.HandlerMethod - Arguments: [13, null]
2025-01-20 03:28:12 [http-nio-8081-exec-7] TRACE o.s.web.method.HandlerMethod - Arguments: [13, null, null, null, null]
2025-01-20 03:28:12 [http-nio-8081-exec-7] INFO  r.f.w.c.TransactionController - Getting transactions for user: 13
2025-01-20 03:28:12 [http-nio-8081-exec-8] DEBUG o.s.s.a.m.AuthorizationManagerBeforeMethodInterceptor - Authorizing method invocation ReflectiveMethodInvocation: public java.util.Map rw.financial.walletmate.service.TransactionService.getTransactionSummary(java.lang.Long,java.lang.String); target is of class [rw.financial.walletmate.service.TransactionService]
2025-01-20 03:28:12 [http-nio-8081-exec-7] DEBUG o.s.s.a.m.AuthorizationManagerBeforeMethodInterceptor - Authorizing method invocation ReflectiveMethodInvocation: public java.util.List rw.financial.walletmate.service.TransactionService.getUserTransactions(java.lang.Long,java.lang.String,java.lang.String,java.lang.String,java.lang.Long); target is of class [rw.financial.walletmate.service.TransactionService]
2025-01-20 03:28:13 [http-nio-8081-exec-7] DEBUG o.s.s.a.m.AuthorizationManagerBeforeMethodInterceptor - Authorized method invocation ReflectiveMethodInvocation: public java.util.List rw.financial.walletmate.service.TransactionService.getUserTransactions(java.lang.Long,java.lang.String,java.lang.String,java.lang.String,java.lang.Long); target is of class [rw.financial.walletmate.service.TransactionService]
2025-01-20 03:28:13 [http-nio-8081-exec-8] DEBUG o.s.s.a.m.AuthorizationManagerBeforeMethodInterceptor - Authorized method invocation ReflectiveMethodInvocation: public java.util.Map rw.financial.walletmate.service.TransactionService.getTransactionSummary(java.lang.Long,java.lang.String); target is of class [rw.financial.walletmate.service.TransactionService]
2025-01-20 03:28:13 [http-nio-8081-exec-7] INFO  r.f.w.service.TransactionService - Getting user transactions. UserId: 13, StartDate: null, EndDate: null, Type: null, CategoryId: null
2025-01-20 03:28:13 [http-nio-8081-exec-8] INFO  r.f.w.service.TransactionService - Getting transaction summary for user ID: 13
2025-01-20 03:28:13 [http-nio-8081-exec-8] DEBUG r.f.w.service.TransactionService - Getting transactions for user ID: 13
2025-01-20 03:28:13 [http-nio-8081-exec-7] DEBUG org.hibernate.SQL - 
    select
        u1_0.id,
        u1_0.created_at,
        u1_0.email,
        u1_0.name,
        u1_0.password,
        u1_0.profile_picture,
        u1_0.reset_password_token,
        u1_0.role,
        u1_0.updated_at 
    from
        users u1_0 
    where
        u1_0.email=?
2025-01-20 03:28:13 [http-nio-8081-exec-7] DEBUG r.f.w.service.TransactionService - Fetching all transactions for user
2025-01-20 03:28:13 [http-nio-8081-exec-8] DEBUG org.hibernate.SQL - 
    select
        t1_0.id,
        a1_0.id,
        a1_0.balance,
        a1_0.created_at,
        a1_0.name,
        a1_0.account_type,
        a1_0.updated_at,
        a1_0.user_id,
        t1_0.amount,
        c1_0.id,
        c1_0.created_at,
        c1_0.description,
        c1_0.name,
        c1_0.updated_at,
        c1_0.user_id,
        t1_0.created_at,
        t1_0.date,
        t1_0.description,
        s1_0.id,
        s1_0.category_id,
        s1_0.created_at,
        s1_0.description,
        s1_0.name,
        s1_0.updated_at,
        s1_0.user_id,
        t1_0.type,
        t1_0.updated_at,
        t1_0.user_id 
    from
        transaction t1_0 
    left join
        accounts a1_0 
            on a1_0.id=t1_0.account_id 
    left join
        categories c1_0 
            on c1_0.id=t1_0.category_id 
    left join
        subcategories s1_0 
            on s1_0.id=t1_0.subcategory_id 
    where
        t1_0.user_id=? 
        and t1_0.date between ? and ?
2025-01-20 03:28:13 [http-nio-8081-exec-7] DEBUG org.hibernate.SQL - 
    select
        t1_0.id,
        a1_0.id,
        a1_0.balance,
        a1_0.created_at,
        a1_0.name,
        a1_0.account_type,
        a1_0.updated_at,
        a1_0.user_id,
        t1_0.amount,
        c1_0.id,
        c1_0.created_at,
        c1_0.description,
        c1_0.name,
        c1_0.updated_at,
        c1_0.user_id,
        t1_0.created_at,
        t1_0.date,
        t1_0.description,
        s1_0.id,
        s1_0.category_id,
        s1_0.created_at,
        s1_0.description,
        s1_0.name,
        s1_0.updated_at,
        s1_0.user_id,
        t1_0.type,
        t1_0.updated_at,
        t1_0.user_id 
    from
        transaction t1_0 
    left join
        accounts a1_0 
            on a1_0.id=t1_0.account_id 
    left join
        categories c1_0 
            on c1_0.id=t1_0.category_id 
    left join
        subcategories s1_0 
            on s1_0.id=t1_0.subcategory_id 
    where
        t1_0.user_id=? 
        and t1_0.date between ? and ?
2025-01-20 03:28:13 [http-nio-8081-exec-7] DEBUG r.f.w.service.TransactionService - Found 0 transactions
2025-01-20 03:28:13 [http-nio-8081-exec-8] DEBUG r.f.w.service.TransactionService - Calculating transaction summary
2025-01-20 03:28:13 [http-nio-8081-exec-7] INFO  r.f.w.service.TransactionService - Successfully mapped 0 transactions to DTOs
2025-01-20 03:28:13 [http-nio-8081-exec-7] INFO  r.f.w.c.TransactionController - Successfully retrieved 0 transactions
2025-01-20 03:28:13 [http-nio-8081-exec-8] DEBUG r.f.w.service.TransactionService - Returning transaction summary
2025-01-20 03:28:13 [http-nio-8081-exec-7] DEBUG o.s.w.s.m.m.a.HttpEntityMethodProcessor - Using 'application/json', given [application/json, text/plain, */*] and supported [application/json, application/*+json]
2025-01-20 03:28:13 [http-nio-8081-exec-8] DEBUG o.s.w.s.m.m.a.HttpEntityMethodProcessor - Using 'application/json', given [application/json, text/plain, */*] and supported [application/json, application/*+json]
2025-01-20 03:28:13 [http-nio-8081-exec-7] TRACE o.s.w.s.m.m.a.HttpEntityMethodProcessor - Writing [[]]
2025-01-20 03:28:13 [http-nio-8081-exec-8] TRACE o.s.w.s.m.m.a.HttpEntityMethodProcessor - Writing [{balance=0, totalIncome=0, totalExpense=0, expensesByCategory={}}]
2025-01-20 03:28:13 [http-nio-8081-exec-7] TRACE o.s.s.w.h.writers.HstsHeaderWriter - Not injecting HSTS header since it did not match request to [Is Secure]
2025-01-20 03:28:13 [http-nio-8081-exec-7] TRACE o.s.web.servlet.DispatcherServlet - No view rendering, null ModelAndView returned.
2025-01-20 03:28:13 [http-nio-8081-exec-7] DEBUG o.s.web.servlet.DispatcherServlet - Completed 200 OK, headers={masked}
2025-01-20 03:28:13 [http-nio-8081-exec-9] TRACE o.s.security.web.FilterChainProxy - Trying to match request against DefaultSecurityFilterChain defined as 'securityFilterChain' in [class path resource [rw/financial/walletmate/security/WebSecurityConfig.class]] matching [any request] and having filters [DisableEncodeUrl, WebAsyncManagerIntegration, SecurityContextHolder, HeaderWriter, Cors, Logout, AuthToken, RequestCacheAware, SecurityContextHolderAwareRequest, AnonymousAuthentication, SessionManagement, ExceptionTranslation, Authorization] (1/1)
2025-01-20 03:28:13 [http-nio-8081-exec-9] DEBUG o.s.security.web.FilterChainProxy - Securing GET /api/transactions/user/13?
2025-01-20 03:28:13 [http-nio-8081-exec-8] TRACE o.s.s.w.h.writers.HstsHeaderWriter - Not injecting HSTS header since it did not match request to [Is Secure]
2025-01-20 03:28:13 [http-nio-8081-exec-8] TRACE o.s.web.servlet.DispatcherServlet - No view rendering, null ModelAndView returned.
2025-01-20 03:28:13 [http-nio-8081-exec-8] DEBUG o.s.web.servlet.DispatcherServlet - Completed 200 OK, headers={masked}
2025-01-20 03:28:13 [http-nio-8081-exec-9] TRACE o.s.security.web.FilterChainProxy - Invoking DisableEncodeUrlFilter (1/13)
2025-01-20 03:28:13 [http-nio-8081-exec-9] TRACE o.s.security.web.FilterChainProxy - Invoking WebAsyncManagerIntegrationFilter (2/13)
2025-01-20 03:28:13 [http-nio-8081-exec-9] TRACE o.s.security.web.FilterChainProxy - Invoking SecurityContextHolderFilter (3/13)
2025-01-20 03:28:13 [http-nio-8081-exec-9] TRACE o.s.security.web.FilterChainProxy - Invoking HeaderWriterFilter (4/13)
2025-01-20 03:28:13 [http-nio-8081-exec-9] TRACE o.s.security.web.FilterChainProxy - Invoking CorsFilter (5/13)
2025-01-20 03:28:13 [http-nio-8081-exec-10] TRACE o.s.security.web.FilterChainProxy - Trying to match request against DefaultSecurityFilterChain defined as 'securityFilterChain' in [class path resource [rw/financial/walletmate/security/WebSecurityConfig.class]] matching [any request] and having filters [DisableEncodeUrl, WebAsyncManagerIntegration, SecurityContextHolder, HeaderWriter, Cors, Logout, AuthToken, RequestCacheAware, SecurityContextHolderAwareRequest, AnonymousAuthentication, SessionManagement, ExceptionTranslation, Authorization] (1/1)
2025-01-20 03:28:13 [http-nio-8081-exec-9] TRACE o.s.security.web.FilterChainProxy - Invoking LogoutFilter (6/13)
2025-01-20 03:28:13 [http-nio-8081-exec-9] TRACE o.s.s.w.a.logout.LogoutFilter - Did not match request to Or [Ant [pattern='/logout', GET], Ant [pattern='/logout', POST], Ant [pattern='/logout', PUT], Ant [pattern='/logout', DELETE]]
2025-01-20 03:28:13 [http-nio-8081-exec-10] DEBUG o.s.security.web.FilterChainProxy - Securing GET /api/transactions/summary/13
2025-01-20 03:28:13 [http-nio-8081-exec-9] TRACE o.s.security.web.FilterChainProxy - Invoking AuthTokenFilter (7/13)
2025-01-20 03:28:13 [http-nio-8081-exec-10] TRACE o.s.security.web.FilterChainProxy - Invoking DisableEncodeUrlFilter (1/13)
2025-01-20 03:28:13 [http-nio-8081-exec-9] DEBUG r.f.w.security.jwt.AuthTokenFilter - Checking if should not filter path: /api/transactions/user/13
2025-01-20 03:28:13 [http-nio-8081-exec-10] TRACE o.s.security.web.FilterChainProxy - Invoking WebAsyncManagerIntegrationFilter (2/13)
2025-01-20 03:28:13 [http-nio-8081-exec-9] DEBUG r.f.w.security.jwt.AuthTokenFilter - Should not filter: false
2025-01-20 03:28:13 [http-nio-8081-exec-10] TRACE o.s.security.web.FilterChainProxy - Invoking SecurityContextHolderFilter (3/13)
2025-01-20 03:28:13 [http-nio-8081-exec-9] DEBUG r.f.w.security.jwt.AuthTokenFilter - Authorization header: Bearer eyJhbGciOiJIUzI1NiJ9.eyJzdWIiOiJrZXphQGdtYWlsLmNvbSIsInJvbGVzIjpbIlVTRVIiXSwiaWF0IjoxNzM3MzE3MjkyLCJleHAiOjE3Mzc0MDM2OTJ9.I_F4QcTiRU_tyogVc-vmaBaAVo5sHLfLcR541I4kzcU
2025-01-20 03:28:13 [http-nio-8081-exec-10] TRACE o.s.security.web.FilterChainProxy - Invoking HeaderWriterFilter (4/13)
2025-01-20 03:28:13 [http-nio-8081-exec-9] DEBUG r.f.w.security.jwt.AuthTokenFilter - JWT token from request: eyJhbGciOiJIUzI1NiJ9.eyJzdWIiOiJrZXphQGdtYWlsLmNvbSIsInJvbGVzIjpbIlVTRVIiXSwiaWF0IjoxNzM3MzE3MjkyLCJleHAiOjE3Mzc0MDM2OTJ9.I_F4QcTiRU_tyogVc-vmaBaAVo5sHLfLcR541I4kzcU
2025-01-20 03:28:13 [http-nio-8081-exec-10] TRACE o.s.security.web.FilterChainProxy - Invoking CorsFilter (5/13)
2025-01-20 03:28:13 [http-nio-8081-exec-9] DEBUG r.f.walletmate.security.jwt.JwtUtil - Validating token: eyJhbGciOiJIUzI1NiJ9.eyJzdWIiOiJrZXphQGdtYWlsLmNvbSIsInJvbGVzIjpbIlVTRVIiXSwiaWF0IjoxNzM3MzE3MjkyLCJleHAiOjE3Mzc0MDM2OTJ9.I_F4QcTiRU_tyogVc-vmaBaAVo5sHLfLcR541I4kzcU
2025-01-20 03:28:13 [http-nio-8081-exec-10] TRACE o.s.security.web.FilterChainProxy - Invoking LogoutFilter (6/13)
2025-01-20 03:28:13 [http-nio-8081-exec-10] TRACE o.s.s.w.a.logout.LogoutFilter - Did not match request to Or [Ant [pattern='/logout', GET], Ant [pattern='/logout', POST], Ant [pattern='/logout', PUT], Ant [pattern='/logout', DELETE]]
2025-01-20 03:28:13 [http-nio-8081-exec-10] TRACE o.s.security.web.FilterChainProxy - Invoking AuthTokenFilter (7/13)
2025-01-20 03:28:13 [http-nio-8081-exec-10] DEBUG r.f.w.security.jwt.AuthTokenFilter - Checking if should not filter path: /api/transactions/summary/13
2025-01-20 03:28:13 [http-nio-8081-exec-10] DEBUG r.f.w.security.jwt.AuthTokenFilter - Should not filter: false
2025-01-20 03:28:13 [http-nio-8081-exec-10] DEBUG r.f.w.security.jwt.AuthTokenFilter - Authorization header: Bearer eyJhbGciOiJIUzI1NiJ9.eyJzdWIiOiJrZXphQGdtYWlsLmNvbSIsInJvbGVzIjpbIlVTRVIiXSwiaWF0IjoxNzM3MzE3MjkyLCJleHAiOjE3Mzc0MDM2OTJ9.I_F4QcTiRU_tyogVc-vmaBaAVo5sHLfLcR541I4kzcU
2025-01-20 03:28:13 [http-nio-8081-exec-9] DEBUG r.f.walletmate.security.jwt.JwtUtil - Token expiration date: Mon Jan 20 22:08:12 EET 2025, is expired: false
2025-01-20 03:28:13 [http-nio-8081-exec-10] DEBUG r.f.w.security.jwt.AuthTokenFilter - JWT token from request: eyJhbGciOiJIUzI1NiJ9.eyJzdWIiOiJrZXphQGdtYWlsLmNvbSIsInJvbGVzIjpbIlVTRVIiXSwiaWF0IjoxNzM3MzE3MjkyLCJleHAiOjE3Mzc0MDM2OTJ9.I_F4QcTiRU_tyogVc-vmaBaAVo5sHLfLcR541I4kzcU
2025-01-20 03:28:13 [http-nio-8081-exec-9] DEBUG r.f.w.security.jwt.AuthTokenFilter - Is token valid? true
2025-01-20 03:28:13 [http-nio-8081-exec-10] DEBUG r.f.walletmate.security.jwt.JwtUtil - Validating token: eyJhbGciOiJIUzI1NiJ9.eyJzdWIiOiJrZXphQGdtYWlsLmNvbSIsInJvbGVzIjpbIlVTRVIiXSwiaWF0IjoxNzM3MzE3MjkyLCJleHAiOjE3Mzc0MDM2OTJ9.I_F4QcTiRU_tyogVc-vmaBaAVo5sHLfLcR541I4kzcU
2025-01-20 03:28:13 [http-nio-8081-exec-10] DEBUG r.f.walletmate.security.jwt.JwtUtil - Token expiration date: Mon Jan 20 22:08:12 EET 2025, is expired: false
2025-01-20 03:28:13 [http-nio-8081-exec-9] DEBUG r.f.walletmate.security.jwt.JwtUtil - Successfully extracted claims from token: {sub=keza@gmail.com, roles=[USER], iat=1737317292, exp=1737403692}
2025-01-20 03:28:13 [http-nio-8081-exec-10] DEBUG r.f.w.security.jwt.AuthTokenFilter - Is token valid? true
2025-01-20 03:28:13 [http-nio-8081-exec-9] DEBUG r.f.walletmate.security.jwt.JwtUtil - Extracted username from token: keza@gmail.com
2025-01-20 03:28:13 [http-nio-8081-exec-10] DEBUG r.f.walletmate.security.jwt.JwtUtil - Successfully extracted claims from token: {sub=keza@gmail.com, roles=[USER], iat=1737317292, exp=1737403692}
2025-01-20 03:28:13 [http-nio-8081-exec-10] DEBUG r.f.walletmate.security.jwt.JwtUtil - Extracted username from token: keza@gmail.com
2025-01-20 03:28:13 [http-nio-8081-exec-9] DEBUG r.f.walletmate.security.jwt.JwtUtil - Successfully extracted claims from token: {sub=keza@gmail.com, roles=[USER], iat=1737317292, exp=1737403692}
2025-01-20 03:28:13 [http-nio-8081-exec-9] DEBUG r.f.walletmate.security.jwt.JwtUtil - Extracted roles from token: [USER]
2025-01-20 03:28:13 [http-nio-8081-exec-9] DEBUG r.f.w.security.jwt.AuthTokenFilter - User email from token: keza@gmail.com
2025-01-20 03:28:13 [http-nio-8081-exec-9] DEBUG r.f.w.security.jwt.AuthTokenFilter - User roles from token: [USER]
2025-01-20 03:28:13 [http-nio-8081-exec-9] DEBUG r.f.w.s.user.UserDetailService - Loading user details for email: keza@gmail.com
2025-01-20 03:28:13 [http-nio-8081-exec-10] DEBUG r.f.walletmate.security.jwt.JwtUtil - Successfully extracted claims from token: {sub=keza@gmail.com, roles=[USER], iat=1737317292, exp=1737403692}
2025-01-20 03:28:13 [http-nio-8081-exec-9] DEBUG org.hibernate.SQL - 
    select
        u1_0.id,
        u1_0.created_at,
        u1_0.email,
        u1_0.name,
        u1_0.password,
        u1_0.profile_picture,
        u1_0.reset_password_token,
        u1_0.role,
        u1_0.updated_at 
    from
        users u1_0 
    where
        u1_0.email=?
2025-01-20 03:28:13 [http-nio-8081-exec-10] DEBUG r.f.walletmate.security.jwt.JwtUtil - Extracted roles from token: [USER]
2025-01-20 03:28:13 [http-nio-8081-exec-10] DEBUG r.f.w.security.jwt.AuthTokenFilter - User email from token: keza@gmail.com
2025-01-20 03:28:13 [http-nio-8081-exec-10] DEBUG r.f.w.security.jwt.AuthTokenFilter - User roles from token: [USER]
2025-01-20 03:28:13 [http-nio-8081-exec-10] DEBUG r.f.w.s.user.UserDetailService - Loading user details for email: keza@gmail.com
2025-01-20 03:28:13 [http-nio-8081-exec-9] DEBUG r.f.w.s.user.UserDetailService - Found user: id=13, email=keza@gmail.com, role=USER, password=$2a$10$pPb...
2025-01-20 03:28:13 [http-nio-8081-exec-9] DEBUG r.f.w.security.jwt.AuthTokenFilter - Loaded UserDetails: org.springframework.security.core.userdetails.User [Username=keza@gmail.com, Password=[PROTECTED], Enabled=true, AccountNonExpired=true, CredentialsNonExpired=true, AccountNonLocked=true, Granted Authorities=[ROLE_USER]]
2025-01-20 03:28:13 [http-nio-8081-exec-9] DEBUG r.f.w.security.jwt.AuthTokenFilter - Created authorities: [ROLE_USER]
2025-01-20 03:28:13 [http-nio-8081-exec-10] DEBUG org.hibernate.SQL - 
    select
        u1_0.id,
        u1_0.created_at,
        u1_0.email,
        u1_0.name,
        u1_0.password,
        u1_0.profile_picture,
        u1_0.reset_password_token,
        u1_0.role,
        u1_0.updated_at 
    from
        users u1_0 
    where
        u1_0.email=?
2025-01-20 03:28:13 [http-nio-8081-exec-9] TRACE o.s.s.w.c.SupplierDeferredSecurityContext - Created SecurityContextImpl [Null authentication]
2025-01-20 03:28:13 [http-nio-8081-exec-9] INFO  r.f.w.security.jwt.AuthTokenFilter - Successfully authenticated user keza@gmail.com with roles [USER]
2025-01-20 03:28:13 [http-nio-8081-exec-9] TRACE o.s.security.web.FilterChainProxy - Invoking RequestCacheAwareFilter (8/13)
2025-01-20 03:28:13 [http-nio-8081-exec-9] TRACE o.s.security.web.FilterChainProxy - Invoking SecurityContextHolderAwareRequestFilter (9/13)
2025-01-20 03:28:13 [http-nio-8081-exec-9] TRACE o.s.security.web.FilterChainProxy - Invoking AnonymousAuthenticationFilter (10/13)
2025-01-20 03:28:13 [http-nio-8081-exec-10] DEBUG r.f.w.s.user.UserDetailService - Found user: id=13, email=keza@gmail.com, role=USER, password=$2a$10$pPb...
2025-01-20 03:28:13 [http-nio-8081-exec-10] DEBUG r.f.w.security.jwt.AuthTokenFilter - Loaded UserDetails: org.springframework.security.core.userdetails.User [Username=keza@gmail.com, Password=[PROTECTED], Enabled=true, AccountNonExpired=true, CredentialsNonExpired=true, AccountNonLocked=true, Granted Authorities=[ROLE_USER]]
2025-01-20 03:28:13 [http-nio-8081-exec-9] TRACE o.s.security.web.FilterChainProxy - Invoking SessionManagementFilter (11/13)
2025-01-20 03:28:13 [http-nio-8081-exec-10] DEBUG r.f.w.security.jwt.AuthTokenFilter - Created authorities: [ROLE_USER]
2025-01-20 03:28:13 [http-nio-8081-exec-9] TRACE o.s.s.w.a.AnonymousAuthenticationFilter - Did not set SecurityContextHolder since already authenticated UsernamePasswordAuthenticationToken [Principal=org.springframework.security.core.userdetails.User [Username=keza@gmail.com, Password=[PROTECTED], Enabled=true, AccountNonExpired=true, CredentialsNonExpired=true, AccountNonLocked=true, Granted Authorities=[ROLE_USER]], Credentials=[PROTECTED], Authenticated=true, Details=WebAuthenticationDetails [RemoteIpAddress=0:0:0:0:0:0:0:1, SessionId=null], Granted Authorities=[ROLE_USER]]
2025-01-20 03:28:13 [http-nio-8081-exec-10] TRACE o.s.s.w.c.SupplierDeferredSecurityContext - Created SecurityContextImpl [Null authentication]
2025-01-20 03:28:13 [http-nio-8081-exec-9] TRACE o.s.s.w.a.s.CompositeSessionAuthenticationStrategy - Preparing session with ChangeSessionIdAuthenticationStrategy (1/1)
2025-01-20 03:28:13 [http-nio-8081-exec-10] INFO  r.f.w.security.jwt.AuthTokenFilter - Successfully authenticated user keza@gmail.com with roles [USER]
2025-01-20 03:28:13 [http-nio-8081-exec-9] TRACE o.s.security.web.FilterChainProxy - Invoking ExceptionTranslationFilter (12/13)
2025-01-20 03:28:13 [http-nio-8081-exec-10] TRACE o.s.security.web.FilterChainProxy - Invoking RequestCacheAwareFilter (8/13)
2025-01-20 03:28:13 [http-nio-8081-exec-9] TRACE o.s.security.web.FilterChainProxy - Invoking AuthorizationFilter (13/13)
2025-01-20 03:28:13 [http-nio-8081-exec-10] TRACE o.s.security.web.FilterChainProxy - Invoking SecurityContextHolderAwareRequestFilter (9/13)
2025-01-20 03:28:13 [http-nio-8081-exec-9] TRACE o.s.s.w.a.i.RequestMatcherDelegatingAuthorizationManager - Authorizing GET /api/transactions/user/13?
2025-01-20 03:28:13 [http-nio-8081-exec-10] TRACE o.s.security.web.FilterChainProxy - Invoking AnonymousAuthenticationFilter (10/13)
2025-01-20 03:28:13 [http-nio-8081-exec-9] TRACE o.s.s.w.a.i.RequestMatcherDelegatingAuthorizationManager - Checking authorization on GET /api/transactions/user/13? using AuthorityAuthorizationManager[authorities=[ROLE_USER, ROLE_ADMIN]]
2025-01-20 03:28:13 [http-nio-8081-exec-10] TRACE o.s.security.web.FilterChainProxy - Invoking SessionManagementFilter (11/13)
2025-01-20 03:28:13 [http-nio-8081-exec-9] DEBUG o.s.security.web.FilterChainProxy - Secured GET /api/transactions/user/13?
2025-01-20 03:28:13 [http-nio-8081-exec-10] TRACE o.s.s.w.a.AnonymousAuthenticationFilter - Did not set SecurityContextHolder since already authenticated UsernamePasswordAuthenticationToken [Principal=org.springframework.security.core.userdetails.User [Username=keza@gmail.com, Password=[PROTECTED], Enabled=true, AccountNonExpired=true, CredentialsNonExpired=true, AccountNonLocked=true, Granted Authorities=[ROLE_USER]], Credentials=[PROTECTED], Authenticated=true, Details=WebAuthenticationDetails [RemoteIpAddress=0:0:0:0:0:0:0:1, SessionId=null], Granted Authorities=[ROLE_USER]]
2025-01-20 03:28:13 [http-nio-8081-exec-9] TRACE o.s.web.cors.DefaultCorsProcessor - Skip: response already contains "Access-Control-Allow-Origin"
2025-01-20 03:28:13 [http-nio-8081-exec-10] TRACE o.s.s.w.a.s.CompositeSessionAuthenticationStrategy - Preparing session with ChangeSessionIdAuthenticationStrategy (1/1)
2025-01-20 03:28:13 [http-nio-8081-exec-9] DEBUG r.f.w.security.jwt.AuthTokenFilter - Checking if should not filter path: /api/transactions/user/13
2025-01-20 03:28:13 [http-nio-8081-exec-10] TRACE o.s.security.web.FilterChainProxy - Invoking ExceptionTranslationFilter (12/13)
2025-01-20 03:28:13 [http-nio-8081-exec-9] DEBUG r.f.w.security.jwt.AuthTokenFilter - Should not filter: false
2025-01-20 03:28:13 [http-nio-8081-exec-10] TRACE o.s.security.web.FilterChainProxy - Invoking AuthorizationFilter (13/13)
2025-01-20 03:28:13 [http-nio-8081-exec-9] TRACE o.s.web.servlet.DispatcherServlet - GET "/api/transactions/user/13", parameters={}, headers={masked} in DispatcherServlet 'dispatcherServlet'
2025-01-20 03:28:13 [http-nio-8081-exec-10] TRACE o.s.s.w.a.i.RequestMatcherDelegatingAuthorizationManager - Authorizing GET /api/transactions/summary/13
2025-01-20 03:28:13 [http-nio-8081-exec-9] TRACE o.s.w.s.m.m.a.RequestMappingHandlerMapping - Mapped to rw.financial.walletmate.controller.TransactionController#getUserTransactions(Long, String, String, String, Long)
2025-01-20 03:28:13 [http-nio-8081-exec-10] TRACE o.s.s.w.a.i.RequestMatcherDelegatingAuthorizationManager - Checking authorization on GET /api/transactions/summary/13 using AuthorityAuthorizationManager[authorities=[ROLE_USER, ROLE_ADMIN]]
2025-01-20 03:28:13 [http-nio-8081-exec-9] TRACE o.s.web.cors.DefaultCorsProcessor - Skip: response already contains "Access-Control-Allow-Origin"
2025-01-20 03:28:13 [http-nio-8081-exec-10] DEBUG o.s.security.web.FilterChainProxy - Secured GET /api/transactions/summary/13
2025-01-20 03:28:13 [http-nio-8081-exec-10] TRACE o.s.web.cors.DefaultCorsProcessor - Skip: response already contains "Access-Control-Allow-Origin"
2025-01-20 03:28:13 [http-nio-8081-exec-10] DEBUG r.f.w.security.jwt.AuthTokenFilter - Checking if should not filter path: /api/transactions/summary/13
2025-01-20 03:28:13 [http-nio-8081-exec-10] DEBUG r.f.w.security.jwt.AuthTokenFilter - Should not filter: false
2025-01-20 03:28:13 [http-nio-8081-exec-9] TRACE o.s.web.method.HandlerMethod - Arguments: [13, null, null, null, null]
2025-01-20 03:28:13 [http-nio-8081-exec-10] TRACE o.s.web.servlet.DispatcherServlet - GET "/api/transactions/summary/13", parameters={}, headers={masked} in DispatcherServlet 'dispatcherServlet'
2025-01-20 03:28:13 [http-nio-8081-exec-9] INFO  r.f.w.c.TransactionController - Getting transactions for user: 13
2025-01-20 03:28:13 [http-nio-8081-exec-10] TRACE o.s.w.s.m.m.a.RequestMappingHandlerMapping - Mapped to rw.financial.walletmate.controller.TransactionController#getTransactionSummary(Long, String)
2025-01-20 03:28:13 [http-nio-8081-exec-9] DEBUG o.s.s.a.m.AuthorizationManagerBeforeMethodInterceptor - Authorizing method invocation ReflectiveMethodInvocation: public java.util.List rw.financial.walletmate.service.TransactionService.getUserTransactions(java.lang.Long,java.lang.String,java.lang.String,java.lang.String,java.lang.Long); target is of class [rw.financial.walletmate.service.TransactionService]
2025-01-20 03:28:13 [http-nio-8081-exec-10] TRACE o.s.web.cors.DefaultCorsProcessor - Skip: response already contains "Access-Control-Allow-Origin"
2025-01-20 03:28:13 [http-nio-8081-exec-9] DEBUG o.s.s.a.m.AuthorizationManagerBeforeMethodInterceptor - Authorized method invocation ReflectiveMethodInvocation: public java.util.List rw.financial.walletmate.service.TransactionService.getUserTransactions(java.lang.Long,java.lang.String,java.lang.String,java.lang.String,java.lang.Long); target is of class [rw.financial.walletmate.service.TransactionService]
2025-01-20 03:28:13 [http-nio-8081-exec-10] TRACE o.s.web.method.HandlerMethod - Arguments: [13, null]
2025-01-20 03:28:13 [http-nio-8081-exec-9] INFO  r.f.w.service.TransactionService - Getting user transactions. UserId: 13, StartDate: null, EndDate: null, Type: null, CategoryId: null
2025-01-20 03:28:13 [http-nio-8081-exec-10] DEBUG o.s.s.a.m.AuthorizationManagerBeforeMethodInterceptor - Authorizing method invocation ReflectiveMethodInvocation: public java.util.Map rw.financial.walletmate.service.TransactionService.getTransactionSummary(java.lang.Long,java.lang.String); target is of class [rw.financial.walletmate.service.TransactionService]
2025-01-20 03:28:13 [http-nio-8081-exec-10] DEBUG o.s.s.a.m.AuthorizationManagerBeforeMethodInterceptor - Authorized method invocation ReflectiveMethodInvocation: public java.util.Map rw.financial.walletmate.service.TransactionService.getTransactionSummary(java.lang.Long,java.lang.String); target is of class [rw.financial.walletmate.service.TransactionService]
2025-01-20 03:28:13 [http-nio-8081-exec-10] INFO  r.f.w.service.TransactionService - Getting transaction summary for user ID: 13
2025-01-20 03:28:13 [http-nio-8081-exec-9] DEBUG org.hibernate.SQL - 
    select
        u1_0.id,
        u1_0.created_at,
        u1_0.email,
        u1_0.name,
        u1_0.password,
        u1_0.profile_picture,
        u1_0.reset_password_token,
        u1_0.role,
        u1_0.updated_at 
    from
        users u1_0 
    where
        u1_0.email=?
2025-01-20 03:28:13 [http-nio-8081-exec-10] DEBUG r.f.w.service.TransactionService - Getting transactions for user ID: 13
2025-01-20 03:28:13 [http-nio-8081-exec-10] DEBUG org.hibernate.SQL - 
    select
        t1_0.id,
        a1_0.id,
        a1_0.balance,
        a1_0.created_at,
        a1_0.name,
        a1_0.account_type,
        a1_0.updated_at,
        a1_0.user_id,
        t1_0.amount,
        c1_0.id,
        c1_0.created_at,
        c1_0.description,
        c1_0.name,
        c1_0.updated_at,
        c1_0.user_id,
        t1_0.created_at,
        t1_0.date,
        t1_0.description,
        s1_0.id,
        s1_0.category_id,
        s1_0.created_at,
        s1_0.description,
        s1_0.name,
        s1_0.updated_at,
        s1_0.user_id,
        t1_0.type,
        t1_0.updated_at,
        t1_0.user_id 
    from
        transaction t1_0 
    left join
        accounts a1_0 
            on a1_0.id=t1_0.account_id 
    left join
        categories c1_0 
            on c1_0.id=t1_0.category_id 
    left join
        subcategories s1_0 
            on s1_0.id=t1_0.subcategory_id 
    where
        t1_0.user_id=? 
        and t1_0.date between ? and ?
2025-01-20 03:28:13 [http-nio-8081-exec-9] DEBUG r.f.w.service.TransactionService - Fetching all transactions for user
2025-01-20 03:28:13 [http-nio-8081-exec-9] DEBUG org.hibernate.SQL - 
    select
        t1_0.id,
        a1_0.id,
        a1_0.balance,
        a1_0.created_at,
        a1_0.name,
        a1_0.account_type,
        a1_0.updated_at,
        a1_0.user_id,
        t1_0.amount,
        c1_0.id,
        c1_0.created_at,
        c1_0.description,
        c1_0.name,
        c1_0.updated_at,
        c1_0.user_id,
        t1_0.created_at,
        t1_0.date,
        t1_0.description,
        s1_0.id,
        s1_0.category_id,
        s1_0.created_at,
        s1_0.description,
        s1_0.name,
        s1_0.updated_at,
        s1_0.user_id,
        t1_0.type,
        t1_0.updated_at,
        t1_0.user_id 
    from
        transaction t1_0 
    left join
        accounts a1_0 
            on a1_0.id=t1_0.account_id 
    left join
        categories c1_0 
            on c1_0.id=t1_0.category_id 
    left join
        subcategories s1_0 
            on s1_0.id=t1_0.subcategory_id 
    where
        t1_0.user_id=? 
        and t1_0.date between ? and ?
2025-01-20 03:28:13 [http-nio-8081-exec-10] DEBUG r.f.w.service.TransactionService - Calculating transaction summary
2025-01-20 03:28:13 [http-nio-8081-exec-10] DEBUG r.f.w.service.TransactionService - Returning transaction summary
2025-01-20 03:28:13 [http-nio-8081-exec-9] DEBUG r.f.w.service.TransactionService - Found 0 transactions
2025-01-20 03:28:13 [http-nio-8081-exec-9] INFO  r.f.w.service.TransactionService - Successfully mapped 0 transactions to DTOs
2025-01-20 03:28:13 [http-nio-8081-exec-9] INFO  r.f.w.c.TransactionController - Successfully retrieved 0 transactions
2025-01-20 03:28:13 [http-nio-8081-exec-9] DEBUG o.s.w.s.m.m.a.HttpEntityMethodProcessor - Using 'application/json', given [application/json, text/plain, */*] and supported [application/json, application/*+json]
2025-01-20 03:28:13 [http-nio-8081-exec-9] TRACE o.s.w.s.m.m.a.HttpEntityMethodProcessor - Writing [[]]
2025-01-20 03:28:13 [http-nio-8081-exec-9] TRACE o.s.s.w.h.writers.HstsHeaderWriter - Not injecting HSTS header since it did not match request to [Is Secure]
2025-01-20 03:28:13 [http-nio-8081-exec-9] TRACE o.s.web.servlet.DispatcherServlet - No view rendering, null ModelAndView returned.
2025-01-20 03:28:13 [http-nio-8081-exec-9] DEBUG o.s.web.servlet.DispatcherServlet - Completed 200 OK, headers={masked}
2025-01-20 03:28:13 [http-nio-8081-exec-4] TRACE o.s.security.web.FilterChainProxy - Trying to match request against DefaultSecurityFilterChain defined as 'securityFilterChain' in [class path resource [rw/financial/walletmate/security/WebSecurityConfig.class]] matching [any request] and having filters [DisableEncodeUrl, WebAsyncManagerIntegration, SecurityContextHolder, HeaderWriter, Cors, Logout, AuthToken, RequestCacheAware, SecurityContextHolderAwareRequest, AnonymousAuthentication, SessionManagement, ExceptionTranslation, Authorization] (1/1)
2025-01-20 03:28:13 [http-nio-8081-exec-4] DEBUG o.s.security.web.FilterChainProxy - Securing GET /api/transactions/user/13?
2025-01-20 03:28:13 [http-nio-8081-exec-4] TRACE o.s.security.web.FilterChainProxy - Invoking DisableEncodeUrlFilter (1/13)
2025-01-20 03:28:13 [http-nio-8081-exec-10] DEBUG o.s.w.s.m.m.a.HttpEntityMethodProcessor - Using 'application/json', given [application/json, text/plain, */*] and supported [application/json, application/*+json]
2025-01-20 03:28:13 [http-nio-8081-exec-4] TRACE o.s.security.web.FilterChainProxy - Invoking WebAsyncManagerIntegrationFilter (2/13)
2025-01-20 03:28:13 [http-nio-8081-exec-10] TRACE o.s.w.s.m.m.a.HttpEntityMethodProcessor - Writing [{balance=0, totalIncome=0, totalExpense=0, expensesByCategory={}}]
2025-01-20 03:28:13 [http-nio-8081-exec-4] TRACE o.s.security.web.FilterChainProxy - Invoking SecurityContextHolderFilter (3/13)
2025-01-20 03:28:13 [http-nio-8081-exec-4] TRACE o.s.security.web.FilterChainProxy - Invoking HeaderWriterFilter (4/13)
2025-01-20 03:28:13 [http-nio-8081-exec-10] TRACE o.s.s.w.h.writers.HstsHeaderWriter - Not injecting HSTS header since it did not match request to [Is Secure]
2025-01-20 03:28:13 [http-nio-8081-exec-4] TRACE o.s.security.web.FilterChainProxy - Invoking CorsFilter (5/13)
2025-01-20 03:28:13 [http-nio-8081-exec-10] TRACE o.s.web.servlet.DispatcherServlet - No view rendering, null ModelAndView returned.
2025-01-20 03:28:13 [http-nio-8081-exec-4] TRACE o.s.security.web.FilterChainProxy - Invoking LogoutFilter (6/13)
2025-01-20 03:28:13 [http-nio-8081-exec-3] TRACE o.s.security.web.FilterChainProxy - Trying to match request against DefaultSecurityFilterChain defined as 'securityFilterChain' in [class path resource [rw/financial/walletmate/security/WebSecurityConfig.class]] matching [any request] and having filters [DisableEncodeUrl, WebAsyncManagerIntegration, SecurityContextHolder, HeaderWriter, Cors, Logout, AuthToken, RequestCacheAware, SecurityContextHolderAwareRequest, AnonymousAuthentication, SessionManagement, ExceptionTranslation, Authorization] (1/1)
2025-01-20 03:28:13 [http-nio-8081-exec-4] TRACE o.s.s.w.a.logout.LogoutFilter - Did not match request to Or [Ant [pattern='/logout', GET], Ant [pattern='/logout', POST], Ant [pattern='/logout', PUT], Ant [pattern='/logout', DELETE]]
2025-01-20 03:28:13 [http-nio-8081-exec-10] DEBUG o.s.web.servlet.DispatcherServlet - Completed 200 OK, headers={masked}
2025-01-20 03:28:13 [http-nio-8081-exec-3] DEBUG o.s.security.web.FilterChainProxy - Securing GET /api/transactions/summary/13
2025-01-20 03:28:13 [http-nio-8081-exec-3] TRACE o.s.security.web.FilterChainProxy - Invoking DisableEncodeUrlFilter (1/13)
2025-01-20 03:28:13 [http-nio-8081-exec-4] TRACE o.s.security.web.FilterChainProxy - Invoking AuthTokenFilter (7/13)
2025-01-20 03:28:13 [http-nio-8081-exec-3] TRACE o.s.security.web.FilterChainProxy - Invoking WebAsyncManagerIntegrationFilter (2/13)
2025-01-20 03:28:13 [http-nio-8081-exec-4] DEBUG r.f.w.security.jwt.AuthTokenFilter - Checking if should not filter path: /api/transactions/user/13
2025-01-20 03:28:13 [http-nio-8081-exec-3] TRACE o.s.security.web.FilterChainProxy - Invoking SecurityContextHolderFilter (3/13)
2025-01-20 03:28:13 [http-nio-8081-exec-3] TRACE o.s.security.web.FilterChainProxy - Invoking HeaderWriterFilter (4/13)
2025-01-20 03:28:13 [http-nio-8081-exec-4] DEBUG r.f.w.security.jwt.AuthTokenFilter - Should not filter: false
2025-01-20 03:28:13 [http-nio-8081-exec-4] DEBUG r.f.w.security.jwt.AuthTokenFilter - Authorization header: Bearer eyJhbGciOiJIUzI1NiJ9.eyJzdWIiOiJrZXphQGdtYWlsLmNvbSIsInJvbGVzIjpbIlVTRVIiXSwiaWF0IjoxNzM3MzE3MjkyLCJleHAiOjE3Mzc0MDM2OTJ9.I_F4QcTiRU_tyogVc-vmaBaAVo5sHLfLcR541I4kzcU
2025-01-20 03:28:13 [http-nio-8081-exec-3] TRACE o.s.security.web.FilterChainProxy - Invoking CorsFilter (5/13)
2025-01-20 03:28:13 [http-nio-8081-exec-4] DEBUG r.f.w.security.jwt.AuthTokenFilter - JWT token from request: eyJhbGciOiJIUzI1NiJ9.eyJzdWIiOiJrZXphQGdtYWlsLmNvbSIsInJvbGVzIjpbIlVTRVIiXSwiaWF0IjoxNzM3MzE3MjkyLCJleHAiOjE3Mzc0MDM2OTJ9.I_F4QcTiRU_tyogVc-vmaBaAVo5sHLfLcR541I4kzcU
2025-01-20 03:28:13 [http-nio-8081-exec-4] DEBUG r.f.walletmate.security.jwt.JwtUtil - Validating token: eyJhbGciOiJIUzI1NiJ9.eyJzdWIiOiJrZXphQGdtYWlsLmNvbSIsInJvbGVzIjpbIlVTRVIiXSwiaWF0IjoxNzM3MzE3MjkyLCJleHAiOjE3Mzc0MDM2OTJ9.I_F4QcTiRU_tyogVc-vmaBaAVo5sHLfLcR541I4kzcU
2025-01-20 03:28:13 [http-nio-8081-exec-3] TRACE o.s.security.web.FilterChainProxy - Invoking LogoutFilter (6/13)
2025-01-20 03:28:13 [http-nio-8081-exec-4] DEBUG r.f.walletmate.security.jwt.JwtUtil - Token expiration date: Mon Jan 20 22:08:12 EET 2025, is expired: false
2025-01-20 03:28:13 [http-nio-8081-exec-3] TRACE o.s.s.w.a.logout.LogoutFilter - Did not match request to Or [Ant [pattern='/logout', GET], Ant [pattern='/logout', POST], Ant [pattern='/logout', PUT], Ant [pattern='/logout', DELETE]]
2025-01-20 03:28:13 [http-nio-8081-exec-4] DEBUG r.f.w.security.jwt.AuthTokenFilter - Is token valid? true
2025-01-20 03:28:13 [http-nio-8081-exec-3] TRACE o.s.security.web.FilterChainProxy - Invoking AuthTokenFilter (7/13)
2025-01-20 03:28:13 [http-nio-8081-exec-3] DEBUG r.f.w.security.jwt.AuthTokenFilter - Checking if should not filter path: /api/transactions/summary/13
2025-01-20 03:28:13 [http-nio-8081-exec-3] DEBUG r.f.w.security.jwt.AuthTokenFilter - Should not filter: false
2025-01-20 03:28:13 [http-nio-8081-exec-4] DEBUG r.f.walletmate.security.jwt.JwtUtil - Successfully extracted claims from token: {sub=keza@gmail.com, roles=[USER], iat=1737317292, exp=1737403692}
2025-01-20 03:28:13 [http-nio-8081-exec-3] DEBUG r.f.w.security.jwt.AuthTokenFilter - Authorization header: Bearer eyJhbGciOiJIUzI1NiJ9.eyJzdWIiOiJrZXphQGdtYWlsLmNvbSIsInJvbGVzIjpbIlVTRVIiXSwiaWF0IjoxNzM3MzE3MjkyLCJleHAiOjE3Mzc0MDM2OTJ9.I_F4QcTiRU_tyogVc-vmaBaAVo5sHLfLcR541I4kzcU
2025-01-20 03:28:13 [http-nio-8081-exec-4] DEBUG r.f.walletmate.security.jwt.JwtUtil - Extracted username from token: keza@gmail.com
2025-01-20 03:28:13 [http-nio-8081-exec-3] DEBUG r.f.w.security.jwt.AuthTokenFilter - JWT token from request: eyJhbGciOiJIUzI1NiJ9.eyJzdWIiOiJrZXphQGdtYWlsLmNvbSIsInJvbGVzIjpbIlVTRVIiXSwiaWF0IjoxNzM3MzE3MjkyLCJleHAiOjE3Mzc0MDM2OTJ9.I_F4QcTiRU_tyogVc-vmaBaAVo5sHLfLcR541I4kzcU
2025-01-20 03:28:13 [http-nio-8081-exec-3] DEBUG r.f.walletmate.security.jwt.JwtUtil - Validating token: eyJhbGciOiJIUzI1NiJ9.eyJzdWIiOiJrZXphQGdtYWlsLmNvbSIsInJvbGVzIjpbIlVTRVIiXSwiaWF0IjoxNzM3MzE3MjkyLCJleHAiOjE3Mzc0MDM2OTJ9.I_F4QcTiRU_tyogVc-vmaBaAVo5sHLfLcR541I4kzcU
2025-01-20 03:28:13 [http-nio-8081-exec-4] DEBUG r.f.walletmate.security.jwt.JwtUtil - Successfully extracted claims from token: {sub=keza@gmail.com, roles=[USER], iat=1737317292, exp=1737403692}
2025-01-20 03:28:13 [http-nio-8081-exec-4] DEBUG r.f.walletmate.security.jwt.JwtUtil - Extracted roles from token: [USER]
2025-01-20 03:28:13 [http-nio-8081-exec-4] DEBUG r.f.w.security.jwt.AuthTokenFilter - User email from token: keza@gmail.com
2025-01-20 03:28:13 [http-nio-8081-exec-4] DEBUG r.f.w.security.jwt.AuthTokenFilter - User roles from token: [USER]
2025-01-20 03:28:13 [http-nio-8081-exec-4] DEBUG r.f.w.s.user.UserDetailService - Loading user details for email: keza@gmail.com
2025-01-20 03:28:13 [http-nio-8081-exec-4] DEBUG org.hibernate.SQL - 
    select
        u1_0.id,
        u1_0.created_at,
        u1_0.email,
        u1_0.name,
        u1_0.password,
        u1_0.profile_picture,
        u1_0.reset_password_token,
        u1_0.role,
        u1_0.updated_at 
    from
        users u1_0 
    where
        u1_0.email=?
2025-01-20 03:28:13 [http-nio-8081-exec-4] DEBUG r.f.w.s.user.UserDetailService - Found user: id=13, email=keza@gmail.com, role=USER, password=$2a$10$pPb...
2025-01-20 03:28:13 [http-nio-8081-exec-4] DEBUG r.f.w.security.jwt.AuthTokenFilter - Loaded UserDetails: org.springframework.security.core.userdetails.User [Username=keza@gmail.com, Password=[PROTECTED], Enabled=true, AccountNonExpired=true, CredentialsNonExpired=true, AccountNonLocked=true, Granted Authorities=[ROLE_USER]]
2025-01-20 03:28:13 [http-nio-8081-exec-4] DEBUG r.f.w.security.jwt.AuthTokenFilter - Created authorities: [ROLE_USER]
2025-01-20 03:28:13 [http-nio-8081-exec-4] TRACE o.s.s.w.c.SupplierDeferredSecurityContext - Created SecurityContextImpl [Null authentication]
2025-01-20 03:28:13 [http-nio-8081-exec-4] INFO  r.f.w.security.jwt.AuthTokenFilter - Successfully authenticated user keza@gmail.com with roles [USER]
2025-01-20 03:28:13 [http-nio-8081-exec-4] TRACE o.s.security.web.FilterChainProxy - Invoking RequestCacheAwareFilter (8/13)
2025-01-20 03:28:13 [http-nio-8081-exec-4] TRACE o.s.security.web.FilterChainProxy - Invoking SecurityContextHolderAwareRequestFilter (9/13)
2025-01-20 03:28:13 [http-nio-8081-exec-4] TRACE o.s.security.web.FilterChainProxy - Invoking AnonymousAuthenticationFilter (10/13)
2025-01-20 03:28:13 [http-nio-8081-exec-4] TRACE o.s.security.web.FilterChainProxy - Invoking SessionManagementFilter (11/13)
2025-01-20 03:28:13 [http-nio-8081-exec-4] TRACE o.s.s.w.a.AnonymousAuthenticationFilter - Did not set SecurityContextHolder since already authenticated UsernamePasswordAuthenticationToken [Principal=org.springframework.security.core.userdetails.User [Username=keza@gmail.com, Password=[PROTECTED], Enabled=true, AccountNonExpired=true, CredentialsNonExpired=true, AccountNonLocked=true, Granted Authorities=[ROLE_USER]], Credentials=[PROTECTED], Authenticated=true, Details=WebAuthenticationDetails [RemoteIpAddress=0:0:0:0:0:0:0:1, SessionId=null], Granted Authorities=[ROLE_USER]]
2025-01-20 03:28:13 [http-nio-8081-exec-4] TRACE o.s.s.w.a.s.CompositeSessionAuthenticationStrategy - Preparing session with ChangeSessionIdAuthenticationStrategy (1/1)
2025-01-20 03:28:13 [http-nio-8081-exec-4] TRACE o.s.security.web.FilterChainProxy - Invoking ExceptionTranslationFilter (12/13)
2025-01-20 03:28:13 [http-nio-8081-exec-4] TRACE o.s.security.web.FilterChainProxy - Invoking AuthorizationFilter (13/13)
2025-01-20 03:28:13 [http-nio-8081-exec-4] TRACE o.s.s.w.a.i.RequestMatcherDelegatingAuthorizationManager - Authorizing GET /api/transactions/user/13?
2025-01-20 03:28:13 [http-nio-8081-exec-3] DEBUG r.f.walletmate.security.jwt.JwtUtil - Token expiration date: Mon Jan 20 22:08:12 EET 2025, is expired: false
2025-01-20 03:28:13 [http-nio-8081-exec-4] TRACE o.s.s.w.a.i.RequestMatcherDelegatingAuthorizationManager - Checking authorization on GET /api/transactions/user/13? using AuthorityAuthorizationManager[authorities=[ROLE_USER, ROLE_ADMIN]]
2025-01-20 03:28:13 [http-nio-8081-exec-3] DEBUG r.f.w.security.jwt.AuthTokenFilter - Is token valid? true
2025-01-20 03:28:13 [http-nio-8081-exec-4] DEBUG o.s.security.web.FilterChainProxy - Secured GET /api/transactions/user/13?
2025-01-20 03:28:13 [http-nio-8081-exec-4] TRACE o.s.web.cors.DefaultCorsProcessor - Skip: response already contains "Access-Control-Allow-Origin"
2025-01-20 03:28:13 [http-nio-8081-exec-4] DEBUG r.f.w.security.jwt.AuthTokenFilter - Checking if should not filter path: /api/transactions/user/13
2025-01-20 03:28:13 [http-nio-8081-exec-4] DEBUG r.f.w.security.jwt.AuthTokenFilter - Should not filter: false
2025-01-20 03:28:13 [http-nio-8081-exec-4] TRACE o.s.web.servlet.DispatcherServlet - GET "/api/transactions/user/13", parameters={}, headers={masked} in DispatcherServlet 'dispatcherServlet'
2025-01-20 03:28:13 [http-nio-8081-exec-4] TRACE o.s.w.s.m.m.a.RequestMappingHandlerMapping - Mapped to rw.financial.walletmate.controller.TransactionController#getUserTransactions(Long, String, String, String, Long)
2025-01-20 03:28:13 [http-nio-8081-exec-4] TRACE o.s.web.cors.DefaultCorsProcessor - Skip: response already contains "Access-Control-Allow-Origin"
2025-01-20 03:28:13 [http-nio-8081-exec-4] TRACE o.s.web.method.HandlerMethod - Arguments: [13, null, null, null, null]
2025-01-20 03:28:13 [http-nio-8081-exec-4] INFO  r.f.w.c.TransactionController - Getting transactions for user: 13
2025-01-20 03:28:13 [http-nio-8081-exec-4] DEBUG o.s.s.a.m.AuthorizationManagerBeforeMethodInterceptor - Authorizing method invocation ReflectiveMethodInvocation: public java.util.List rw.financial.walletmate.service.TransactionService.getUserTransactions(java.lang.Long,java.lang.String,java.lang.String,java.lang.String,java.lang.Long); target is of class [rw.financial.walletmate.service.TransactionService]
2025-01-20 03:28:13 [http-nio-8081-exec-3] DEBUG r.f.walletmate.security.jwt.JwtUtil - Successfully extracted claims from token: {sub=keza@gmail.com, roles=[USER], iat=1737317292, exp=1737403692}
2025-01-20 03:28:13 [http-nio-8081-exec-4] DEBUG o.s.s.a.m.AuthorizationManagerBeforeMethodInterceptor - Authorized method invocation ReflectiveMethodInvocation: public java.util.List rw.financial.walletmate.service.TransactionService.getUserTransactions(java.lang.Long,java.lang.String,java.lang.String,java.lang.String,java.lang.Long); target is of class [rw.financial.walletmate.service.TransactionService]
2025-01-20 03:28:13 [http-nio-8081-exec-3] DEBUG r.f.walletmate.security.jwt.JwtUtil - Extracted username from token: keza@gmail.com
2025-01-20 03:28:13 [http-nio-8081-exec-4] INFO  r.f.w.service.TransactionService - Getting user transactions. UserId: 13, StartDate: null, EndDate: null, Type: null, CategoryId: null
2025-01-20 03:28:13 [http-nio-8081-exec-4] DEBUG org.hibernate.SQL - 
    select
        u1_0.id,
        u1_0.created_at,
        u1_0.email,
        u1_0.name,
        u1_0.password,
        u1_0.profile_picture,
        u1_0.reset_password_token,
        u1_0.role,
        u1_0.updated_at 
    from
        users u1_0 
    where
        u1_0.email=?
2025-01-20 03:28:13 [http-nio-8081-exec-4] DEBUG r.f.w.service.TransactionService - Fetching all transactions for user
2025-01-20 03:28:13 [http-nio-8081-exec-4] DEBUG org.hibernate.SQL - 
    select
        t1_0.id,
        a1_0.id,
        a1_0.balance,
        a1_0.created_at,
        a1_0.name,
        a1_0.account_type,
        a1_0.updated_at,
        a1_0.user_id,
        t1_0.amount,
        c1_0.id,
        c1_0.created_at,
        c1_0.description,
        c1_0.name,
        c1_0.updated_at,
        c1_0.user_id,
        t1_0.created_at,
        t1_0.date,
        t1_0.description,
        s1_0.id,
        s1_0.category_id,
        s1_0.created_at,
        s1_0.description,
        s1_0.name,
        s1_0.updated_at,
        s1_0.user_id,
        t1_0.type,
        t1_0.updated_at,
        t1_0.user_id 
    from
        transaction t1_0 
    left join
        accounts a1_0 
            on a1_0.id=t1_0.account_id 
    left join
        categories c1_0 
            on c1_0.id=t1_0.category_id 
    left join
        subcategories s1_0 
            on s1_0.id=t1_0.subcategory_id 
    where
        t1_0.user_id=? 
        and t1_0.date between ? and ?
2025-01-20 03:28:13 [http-nio-8081-exec-4] DEBUG r.f.w.service.TransactionService - Found 0 transactions
2025-01-20 03:28:13 [http-nio-8081-exec-4] INFO  r.f.w.service.TransactionService - Successfully mapped 0 transactions to DTOs
2025-01-20 03:28:13 [http-nio-8081-exec-4] INFO  r.f.w.c.TransactionController - Successfully retrieved 0 transactions
2025-01-20 03:28:13 [http-nio-8081-exec-4] DEBUG o.s.w.s.m.m.a.HttpEntityMethodProcessor - Using 'application/json', given [application/json, text/plain, */*] and supported [application/json, application/*+json]
2025-01-20 03:28:13 [http-nio-8081-exec-4] TRACE o.s.w.s.m.m.a.HttpEntityMethodProcessor - Writing [[]]
2025-01-20 03:28:13 [http-nio-8081-exec-4] TRACE o.s.s.w.h.writers.HstsHeaderWriter - Not injecting HSTS header since it did not match request to [Is Secure]
2025-01-20 03:28:13 [http-nio-8081-exec-4] TRACE o.s.web.servlet.DispatcherServlet - No view rendering, null ModelAndView returned.
2025-01-20 03:28:13 [http-nio-8081-exec-4] DEBUG o.s.web.servlet.DispatcherServlet - Completed 200 OK, headers={masked}
2025-01-20 03:28:13 [http-nio-8081-exec-3] DEBUG r.f.walletmate.security.jwt.JwtUtil - Successfully extracted claims from token: {sub=keza@gmail.com, roles=[USER], iat=1737317292, exp=1737403692}
2025-01-20 03:28:13 [http-nio-8081-exec-3] DEBUG r.f.walletmate.security.jwt.JwtUtil - Extracted roles from token: [USER]
2025-01-20 03:28:13 [http-nio-8081-exec-3] DEBUG r.f.w.security.jwt.AuthTokenFilter - User email from token: keza@gmail.com
2025-01-20 03:28:13 [http-nio-8081-exec-3] DEBUG r.f.w.security.jwt.AuthTokenFilter - User roles from token: [USER]
2025-01-20 03:28:13 [http-nio-8081-exec-3] DEBUG r.f.w.s.user.UserDetailService - Loading user details for email: keza@gmail.com
2025-01-20 03:28:13 [http-nio-8081-exec-3] DEBUG org.hibernate.SQL - 
    select
        u1_0.id,
        u1_0.created_at,
        u1_0.email,
        u1_0.name,
        u1_0.password,
        u1_0.profile_picture,
        u1_0.reset_password_token,
        u1_0.role,
        u1_0.updated_at 
    from
        users u1_0 
    where
        u1_0.email=?
2025-01-20 03:28:13 [http-nio-8081-exec-3] DEBUG r.f.w.s.user.UserDetailService - Found user: id=13, email=keza@gmail.com, role=USER, password=$2a$10$pPb...
2025-01-20 03:28:13 [http-nio-8081-exec-3] DEBUG r.f.w.security.jwt.AuthTokenFilter - Loaded UserDetails: org.springframework.security.core.userdetails.User [Username=keza@gmail.com, Password=[PROTECTED], Enabled=true, AccountNonExpired=true, CredentialsNonExpired=true, AccountNonLocked=true, Granted Authorities=[ROLE_USER]]
2025-01-20 03:28:13 [http-nio-8081-exec-3] DEBUG r.f.w.security.jwt.AuthTokenFilter - Created authorities: [ROLE_USER]
2025-01-20 03:28:13 [http-nio-8081-exec-3] TRACE o.s.s.w.c.SupplierDeferredSecurityContext - Created SecurityContextImpl [Null authentication]
2025-01-20 03:28:13 [http-nio-8081-exec-3] INFO  r.f.w.security.jwt.AuthTokenFilter - Successfully authenticated user keza@gmail.com with roles [USER]
2025-01-20 03:28:13 [http-nio-8081-exec-3] TRACE o.s.security.web.FilterChainProxy - Invoking RequestCacheAwareFilter (8/13)
2025-01-20 03:28:13 [http-nio-8081-exec-3] TRACE o.s.security.web.FilterChainProxy - Invoking SecurityContextHolderAwareRequestFilter (9/13)
2025-01-20 03:28:13 [http-nio-8081-exec-3] TRACE o.s.security.web.FilterChainProxy - Invoking AnonymousAuthenticationFilter (10/13)
2025-01-20 03:28:13 [http-nio-8081-exec-3] TRACE o.s.security.web.FilterChainProxy - Invoking SessionManagementFilter (11/13)
2025-01-20 03:28:13 [http-nio-8081-exec-3] TRACE o.s.s.w.a.AnonymousAuthenticationFilter - Did not set SecurityContextHolder since already authenticated UsernamePasswordAuthenticationToken [Principal=org.springframework.security.core.userdetails.User [Username=keza@gmail.com, Password=[PROTECTED], Enabled=true, AccountNonExpired=true, CredentialsNonExpired=true, AccountNonLocked=true, Granted Authorities=[ROLE_USER]], Credentials=[PROTECTED], Authenticated=true, Details=WebAuthenticationDetails [RemoteIpAddress=0:0:0:0:0:0:0:1, SessionId=null], Granted Authorities=[ROLE_USER]]
2025-01-20 03:28:13 [http-nio-8081-exec-3] TRACE o.s.s.w.a.s.CompositeSessionAuthenticationStrategy - Preparing session with ChangeSessionIdAuthenticationStrategy (1/1)
2025-01-20 03:28:13 [http-nio-8081-exec-3] TRACE o.s.security.web.FilterChainProxy - Invoking ExceptionTranslationFilter (12/13)
2025-01-20 03:28:13 [http-nio-8081-exec-3] TRACE o.s.security.web.FilterChainProxy - Invoking AuthorizationFilter (13/13)
2025-01-20 03:28:13 [http-nio-8081-exec-3] TRACE o.s.s.w.a.i.RequestMatcherDelegatingAuthorizationManager - Authorizing GET /api/transactions/summary/13
2025-01-20 03:28:13 [http-nio-8081-exec-3] TRACE o.s.s.w.a.i.RequestMatcherDelegatingAuthorizationManager - Checking authorization on GET /api/transactions/summary/13 using AuthorityAuthorizationManager[authorities=[ROLE_USER, ROLE_ADMIN]]
2025-01-20 03:28:13 [http-nio-8081-exec-3] DEBUG o.s.security.web.FilterChainProxy - Secured GET /api/transactions/summary/13
2025-01-20 03:28:13 [http-nio-8081-exec-3] TRACE o.s.web.cors.DefaultCorsProcessor - Skip: response already contains "Access-Control-Allow-Origin"
2025-01-20 03:28:13 [http-nio-8081-exec-3] DEBUG r.f.w.security.jwt.AuthTokenFilter - Checking if should not filter path: /api/transactions/summary/13
2025-01-20 03:28:13 [http-nio-8081-exec-3] DEBUG r.f.w.security.jwt.AuthTokenFilter - Should not filter: false
2025-01-20 03:28:13 [http-nio-8081-exec-3] TRACE o.s.web.servlet.DispatcherServlet - GET "/api/transactions/summary/13", parameters={}, headers={masked} in DispatcherServlet 'dispatcherServlet'
2025-01-20 03:28:13 [http-nio-8081-exec-3] TRACE o.s.w.s.m.m.a.RequestMappingHandlerMapping - Mapped to rw.financial.walletmate.controller.TransactionController#getTransactionSummary(Long, String)
2025-01-20 03:28:13 [http-nio-8081-exec-3] TRACE o.s.web.cors.DefaultCorsProcessor - Skip: response already contains "Access-Control-Allow-Origin"
2025-01-20 03:28:13 [http-nio-8081-exec-3] TRACE o.s.web.method.HandlerMethod - Arguments: [13, null]
2025-01-20 03:28:13 [http-nio-8081-exec-3] DEBUG o.s.s.a.m.AuthorizationManagerBeforeMethodInterceptor - Authorizing method invocation ReflectiveMethodInvocation: public java.util.Map rw.financial.walletmate.service.TransactionService.getTransactionSummary(java.lang.Long,java.lang.String); target is of class [rw.financial.walletmate.service.TransactionService]
2025-01-20 03:28:13 [http-nio-8081-exec-3] DEBUG o.s.s.a.m.AuthorizationManagerBeforeMethodInterceptor - Authorized method invocation ReflectiveMethodInvocation: public java.util.Map rw.financial.walletmate.service.TransactionService.getTransactionSummary(java.lang.Long,java.lang.String); target is of class [rw.financial.walletmate.service.TransactionService]
2025-01-20 03:28:13 [http-nio-8081-exec-3] INFO  r.f.w.service.TransactionService - Getting transaction summary for user ID: 13
2025-01-20 03:28:13 [http-nio-8081-exec-3] DEBUG r.f.w.service.TransactionService - Getting transactions for user ID: 13
2025-01-20 03:28:13 [http-nio-8081-exec-3] DEBUG org.hibernate.SQL - 
    select
        t1_0.id,
        a1_0.id,
        a1_0.balance,
        a1_0.created_at,
        a1_0.name,
        a1_0.account_type,
        a1_0.updated_at,
        a1_0.user_id,
        t1_0.amount,
        c1_0.id,
        c1_0.created_at,
        c1_0.description,
        c1_0.name,
        c1_0.updated_at,
        c1_0.user_id,
        t1_0.created_at,
        t1_0.date,
        t1_0.description,
        s1_0.id,
        s1_0.category_id,
        s1_0.created_at,
        s1_0.description,
        s1_0.name,
        s1_0.updated_at,
        s1_0.user_id,
        t1_0.type,
        t1_0.updated_at,
        t1_0.user_id 
    from
        transaction t1_0 
    left join
        accounts a1_0 
            on a1_0.id=t1_0.account_id 
    left join
        categories c1_0 
            on c1_0.id=t1_0.category_id 
    left join
        subcategories s1_0 
            on s1_0.id=t1_0.subcategory_id 
    where
        t1_0.user_id=? 
        and t1_0.date between ? and ?
2025-01-20 03:28:13 [http-nio-8081-exec-3] DEBUG r.f.w.service.TransactionService - Calculating transaction summary
2025-01-20 03:28:13 [http-nio-8081-exec-3] DEBUG r.f.w.service.TransactionService - Returning transaction summary
2025-01-20 03:28:13 [http-nio-8081-exec-3] DEBUG o.s.w.s.m.m.a.HttpEntityMethodProcessor - Using 'application/json', given [application/json, text/plain, */*] and supported [application/json, application/*+json]
2025-01-20 03:28:13 [http-nio-8081-exec-3] TRACE o.s.w.s.m.m.a.HttpEntityMethodProcessor - Writing [{balance=0, totalIncome=0, totalExpense=0, expensesByCategory={}}]
2025-01-20 03:28:13 [http-nio-8081-exec-3] TRACE o.s.s.w.h.writers.HstsHeaderWriter - Not injecting HSTS header since it did not match request to [Is Secure]
2025-01-20 03:28:13 [http-nio-8081-exec-3] TRACE o.s.web.servlet.DispatcherServlet - No view rendering, null ModelAndView returned.
2025-01-20 03:28:13 [http-nio-8081-exec-3] DEBUG o.s.web.servlet.DispatcherServlet - Completed 200 OK, headers={masked}
2025-01-20 03:42:31 [SpringApplicationShutdownHook] INFO  o.s.b.w.e.tomcat.GracefulShutdown - Commencing graceful shutdown. Waiting for active requests to complete
2025-01-20 03:42:32 [tomcat-shutdown] INFO  o.s.b.w.e.tomcat.GracefulShutdown - Graceful shutdown complete
2025-01-20 03:42:32 [SpringApplicationShutdownHook] INFO  o.s.o.j.LocalContainerEntityManagerFactoryBean - Closing JPA EntityManagerFactory for persistence unit 'default'
2025-01-20 03:42:32 [SpringApplicationShutdownHook] INFO  com.zaxxer.hikari.HikariDataSource - HikariPool-1 - Shutdown initiated...
2025-01-20 03:42:32 [SpringApplicationShutdownHook] INFO  com.zaxxer.hikari.HikariDataSource - HikariPool-1 - Shutdown completed.
